{
  "octave-lapize": {
    "id": "octave-lapize",
    "steps": {
      "1": 0.16,
      "2": 0.14,
      "4": 0.0,
      "3": 0.28,
      "5": 0.2
    },
    "first_name": "Octave",
    "last_name": "Lapize",
    "country": "France",
    "winner": true,
    "legend": false,
    "nb_leg_wins": 6,
    "pct_leading": 13.0,
    "pct_leading_year": 1910,
    "epoque": "old",
    "ahead_of_2nd": "n.a.",
    "ahead_of_2nd_val": 0.0,
    "ahead_of_2nd_year": 1910,
    "average_speed": 29.099,
    "average_speed_year": 1910,
    "nb_wins": 1,
    "is_doped": false,
    "score": 0.78
  },
  "raymond-poulidor": {
    "id": "raymond-poulidor",
    "steps": {
      "1": 0.18,
      "2": 0.0,
      "4": 0.0,
      "3": 0.64,
      "5": 0.0
    },
    "first_name": "Raymond",
    "last_name": "Poulidor",
    "country": "France",
    "winner": false,
    "legend": true,
    "nb_leg_wins": 7,
    "pct_leading": 0.0,
    "pct_leading_year": 1964,
    "epoque": "mod",
    "ahead_of_2nd": "0",
    "ahead_of_2nd_val": 0.0,
    "ahead_of_2nd_year": 1964,
    "average_speed": 35.415,
    "average_speed_year": 1964,
    "nb_wins": 0,
    "is_doped": false,
    "score": 0.83
  },
  "jean-robic": {
    "id": "jean-robic",
    "steps": {
      "1": 0.16,
      "2": 0.0,
      "4": 0.06,
      "3": 0.41,
      "5": 0.2
    },
    "first_name": "Jean",
    "last_name": "Robic",
    "country": "France",
    "winner": true,
    "legend": false,
    "nb_leg_wins": 6,
    "pct_leading": 0.0,
    "pct_leading_year": 1947,
    "epoque": "old",
    "ahead_of_2nd": "0h 03' 58\"",
    "ahead_of_2nd_val": 0.066111111,
    "ahead_of_2nd_year": 1947,
    "average_speed": 31.412,
    "average_speed_year": 1947,
    "nb_wins": 1,
    "is_doped": false,
    "score": 0.83
  },
  "jan-janssen": {
    "id": "jan-janssen",
    "steps": {
      "1": 0.21,
      "2": 0.0,
      "4": 0.01,
      "3": 0.54,
      "5": 0.2
    },
    "first_name": "Jan",
    "last_name": "Janssen",
    "country": "Pays-Bas",
    "winner": true,
    "legend": false,
    "nb_leg_wins": 8,
    "pct_leading": 0.0,
    "pct_leading_year": 1968,
    "epoque": "mod",
    "ahead_of_2nd": "0h 00' 38\"",
    "ahead_of_2nd_val": 0.010555556,
    "ahead_of_2nd_year": 1968,
    "average_speed": 33.556,
    "average_speed_year": 1968,
    "nb_wins": 1,
    "is_doped": false,
    "score": 0.96
  },
  "laurent-jalabert": {
    "id": "laurent-jalabert",
    "steps": {
      "1": 0.11,
      "2": 0.11,
      "4": 0.0,
      "3": 0.87,
      "5": 0.0
    },
    "first_name": "Laurent",
    "last_name": "Jalabert",
    "country": "France",
    "winner": false,
    "legend": true,
    "nb_leg_wins": 4,
    "pct_leading": 10.0,
    "pct_leading_year": 2000,
    "epoque": "cont",
    "ahead_of_2nd": "0",
    "ahead_of_2nd_val": 0.0,
    "ahead_of_2nd_year": 1995,
    "average_speed": 39.323,
    "average_speed_year": 1995,
    "nb_wins": 0,
    "is_doped": true,
    "score": 1.08
  },
  "stephen-roche": {
    "id": "stephen-roche",
    "steps": {
      "1": 0.08,
      "2": 0.08,
      "4": 0.01,
      "3": 0.71,
      "5": 0.2
    },
    "first_name": "Stephen",
    "last_name": "Roche",
    "country": "Irlande",
    "winner": true,
    "legend": false,
    "nb_leg_wins": 3,
    "pct_leading": 8.0,
    "pct_leading_year": 1987,
    "epoque": "mod",
    "ahead_of_2nd": "0h 00' 40\"",
    "ahead_of_2nd_val": 0.011111111,
    "ahead_of_2nd_year": 1987,
    "average_speed": 36.645,
    "average_speed_year": 1987,
    "nb_wins": 1,
    "is_doped": false,
    "score": 1.09
  },
  "henri-cornet": {
    "id": "henri-cornet",
    "steps": {
      "1": 0.03,
      "2": 0.0,
      "4": 0.8,
      "3": 0.06,
      "5": 0.2
    },
    "first_name": "Henri",
    "last_name": "Cornet",
    "country": "France",
    "winner": true,
    "legend": false,
    "nb_leg_wins": 1,
    "pct_leading": 0.0,
    "pct_leading_year": 1904,
    "epoque": "old",
    "ahead_of_2nd": "2h 16' 14\"",
    "ahead_of_2nd_val": 2.270555556,
    "ahead_of_2nd_year": 1904,
    "average_speed": 25.265,
    "average_speed_year": 1904,
    "nb_wins": 1,
    "is_doped": false,
    "score": 1.09
  },
  "richard-virenque": {
    "id": "richard-virenque",
    "steps": {
      "1": 0.18,
      "2": 0.05,
      "4": 0.0,
      "3": 0.86,
      "5": 0.0
    },
    "first_name": "Richard",
    "last_name": "Virenque",
    "country": "France",
    "winner": false,
    "legend": true,
    "nb_leg_wins": 7,
    "pct_leading": 5.0,
    "pct_leading_year": 2003,
    "epoque": "cont",
    "ahead_of_2nd": "0",
    "ahead_of_2nd_val": 0.0,
    "ahead_of_2nd_year": 1997,
    "average_speed": 39.179,
    "average_speed_year": 1995,
    "nb_wins": 0,
    "is_doped": true,
    "score": 1.1
  },
  "roger-lapebie": {
    "id": "roger-lapebie",
    "steps": {
      "1": 0.24,
      "2": 0.16,
      "4": 0.11,
      "3": 0.43,
      "5": 0.2
    },
    "first_name": "Roger",
    "last_name": "Lapébie",
    "country": "France",
    "winner": true,
    "legend": false,
    "nb_leg_wins": 9,
    "pct_leading": 15.0,
    "pct_leading_year": 1937,
    "epoque": "old",
    "ahead_of_2nd": "0h 07' 17\"",
    "ahead_of_2nd_val": 0.121388889,
    "ahead_of_2nd_year": 1937,
    "average_speed": 31.768,
    "average_speed_year": 1937,
    "nb_wins": 1,
    "is_doped": false,
    "score": 1.14
  },
  "henri-pelissier": {
    "id": "henri-pelissier",
    "steps": {
      "1": 0.26,
      "2": 0.35,
      "4": 0.37,
      "3": 0.0,
      "5": 0.2
    },
    "first_name": "Henri",
    "last_name": "Pélissier",
    "country": "France",
    "winner": true,
    "legend": false,
    "nb_leg_wins": 10,
    "pct_leading": 33.0,
    "pct_leading_year": 1923,
    "epoque": "old",
    "ahead_of_2nd": "0h 30' 41\"",
    "ahead_of_2nd_val": 0.511388889,
    "ahead_of_2nd_year": 1923,
    "average_speed": 24.233,
    "average_speed_year": 1923,
    "nb_wins": 1,
    "is_doped": false,
    "score": 1.18
  },
  "charly-mottet": {
    "id": "charly-mottet",
    "steps": {
      "1": 0.11,
      "2": 0.25,
      "4": 0.0,
      "3": 0.83,
      "5": 0.0
    },
    "first_name": "Charly",
    "last_name": "Mottet",
    "country": "France",
    "winner": false,
    "legend": true,
    "nb_leg_wins": 4,
    "pct_leading": 24.0,
    "pct_leading_year": 1987,
    "epoque": "mod",
    "ahead_of_2nd": "0",
    "ahead_of_2nd_val": 0.0,
    "ahead_of_2nd_year": 1987,
    "average_speed": 38.695,
    "average_speed_year": 1991,
    "nb_wins": 0,
    "is_doped": false,
    "score": 1.19
  },
  "lucien-aimar": {
    "id": "lucien-aimar",
    "steps": {
      "1": 0.03,
      "2": 0.24,
      "4": 0.02,
      "3": 0.72,
      "5": 0.2
    },
    "first_name": "Lucien",
    "last_name": "Aimar",
    "country": "France",
    "winner": true,
    "legend": false,
    "nb_leg_wins": 1,
    "pct_leading": 23.0,
    "pct_leading_year": 1966,
    "epoque": "mod",
    "ahead_of_2nd": "0h 01' 07\"",
    "ahead_of_2nd_val": 0.018611111,
    "ahead_of_2nd_year": 1966,
    "average_speed": 36.76,
    "average_speed_year": 1966,
    "nb_wins": 1,
    "is_doped": false,
    "score": 1.21
  },
  "cadel-evans": {
    "id": "cadel-evans",
    "steps": {
      "1": 0.05,
      "2": 0.05,
      "4": 0.02,
      "3": 0.89,
      "5": 0.2
    },
    "first_name": "Cadel",
    "last_name": "Evans",
    "country": "Australie",
    "winner": true,
    "legend": false,
    "nb_leg_wins": 2,
    "pct_leading": 5.0,
    "pct_leading_year": 2011,
    "epoque": "cont",
    "ahead_of_2nd": "0h 01' 34\"",
    "ahead_of_2nd_val": 0.026111111,
    "ahead_of_2nd_year": 2011,
    "average_speed": 39.788,
    "average_speed_year": 2011,
    "nb_wins": 1,
    "is_doped": false,
    "score": 1.22
  },
  "rene-pottier": {
    "id": "rene-pottier",
    "steps": {
      "1": 0.13,
      "2": 0.89,
      "4": 0.0,
      "3": 0.02,
      "5": 0.2
    },
    "first_name": "René",
    "last_name": "Pottier",
    "country": "France",
    "winner": true,
    "legend": false,
    "nb_leg_wins": 5,
    "pct_leading": 85.0,
    "pct_leading_year": 1906,
    "epoque": "old",
    "ahead_of_2nd": "n.a.",
    "ahead_of_2nd_val": 0.0,
    "ahead_of_2nd_year": 1906,
    "average_speed": 24.463,
    "average_speed_year": 1906,
    "nb_wins": 1,
    "is_doped": false,
    "score": 1.24
  },
  "roger-walkowiak": {
    "id": "roger-walkowiak",
    "steps": {
      "1": 0.0,
      "2": 0.34,
      "4": 0.02,
      "3": 0.69,
      "5": 0.2
    },
    "first_name": "Roger",
    "last_name": "Walkowiak",
    "country": "France",
    "winner": true,
    "legend": false,
    "nb_leg_wins": 0,
    "pct_leading": 32.0,
    "pct_leading_year": 1956,
    "epoque": "old",
    "ahead_of_2nd": "0h 01' 25\"",
    "ahead_of_2nd_val": 0.023611111,
    "ahead_of_2nd_year": 1956,
    "average_speed": 36.268,
    "average_speed_year": 1956,
    "nb_wins": 1,
    "is_doped": false,
    "score": 1.25
  },
  "charly-gaul": {
    "id": "charly-gaul",
    "steps": {
      "1": 0.26,
      "2": 0.04,
      "4": 0.05,
      "3": 0.73,
      "5": 0.2
    },
    "first_name": "Charly",
    "last_name": "Gaul",
    "country": "Luxembourg",
    "winner": true,
    "legend": false,
    "nb_leg_wins": 10,
    "pct_leading": 4.0,
    "pct_leading_year": 1958,
    "epoque": "old",
    "ahead_of_2nd": "0h 03' 10\"",
    "ahead_of_2nd_val": 0.052777778,
    "ahead_of_2nd_year": 1958,
    "average_speed": 36.919,
    "average_speed_year": 1958,
    "nb_wins": 1,
    "is_doped": false,
    "score": 1.28
  },
  "georges-speicher": {
    "id": "georges-speicher",
    "steps": {
      "1": 0.24,
      "2": 0.51,
      "4": 0.06,
      "3": 0.32,
      "5": 0.2
    },
    "first_name": "Georges",
    "last_name": "Speicher",
    "country": "France",
    "winner": true,
    "legend": false,
    "nb_leg_wins": 9,
    "pct_leading": 48.0,
    "pct_leading_year": 1933,
    "epoque": "old",
    "ahead_of_2nd": "0h 04' 01\"",
    "ahead_of_2nd_val": 0.066944444,
    "ahead_of_2nd_year": 1933,
    "average_speed": 29.818,
    "average_speed_year": 1933,
    "nb_wins": 1,
    "is_doped": false,
    "score": 1.32
  },
  "odile-defraye": {
    "id": "odile-defraye",
    "steps": {
      "1": 0.08,
      "2": 0.84,
      "4": 0.0,
      "3": 0.2,
      "5": 0.2
    },
    "first_name": "Odile",
    "last_name": "Defraye",
    "country": "Belgique",
    "winner": true,
    "legend": false,
    "nb_leg_wins": 3,
    "pct_leading": 80.0,
    "pct_leading_year": 1912,
    "epoque": "old",
    "ahead_of_2nd": "n.a.",
    "ahead_of_2nd_val": 0.0,
    "ahead_of_2nd_year": 1912,
    "average_speed": 27.763,
    "average_speed_year": 1912,
    "nb_wins": 1,
    "is_doped": false,
    "score": 1.33
  },
  "federico-bahamontes": {
    "id": "federico-bahamontes",
    "steps": {
      "1": 0.18,
      "2": 0.24,
      "4": 0.06,
      "3": 0.65,
      "5": 0.2
    },
    "first_name": "Federico",
    "last_name": "Bahamontes",
    "country": "Espagne",
    "winner": true,
    "legend": false,
    "nb_leg_wins": 7,
    "pct_leading": 23.0,
    "pct_leading_year": 1959,
    "epoque": "old",
    "ahead_of_2nd": "0h 04' 01\"",
    "ahead_of_2nd_val": 0.066944444,
    "ahead_of_2nd_year": 1959,
    "average_speed": 35.474,
    "average_speed_year": 1959,
    "nb_wins": 1,
    "is_doped": false,
    "score": 1.33
  },
  "claudio-chiappucci": {
    "id": "claudio-chiappucci",
    "steps": {
      "1": 0.08,
      "2": 0.4,
      "4": 0.0,
      "3": 0.88,
      "5": 0.0
    },
    "first_name": "Claudio",
    "last_name": "Chiappucci",
    "country": "Italie",
    "winner": false,
    "legend": true,
    "nb_leg_wins": 3,
    "pct_leading": 38.0,
    "pct_leading_year": 1990,
    "epoque": "cont",
    "ahead_of_2nd": "0",
    "ahead_of_2nd_val": 0.0,
    "ahead_of_2nd_year": 1990,
    "average_speed": 39.474,
    "average_speed_year": 1992,
    "nb_wins": 0,
    "is_doped": false,
    "score": 1.35
  },
  "firmin-lambot": {
    "id": "firmin-lambot",
    "steps": {
      "1": 0.16,
      "2": 0.14,
      "4": 0.66,
      "3": 0.0,
      "5": 0.4
    },
    "first_name": "Firmin",
    "last_name": "Lambot",
    "country": "Belgique",
    "winner": true,
    "legend": false,
    "nb_leg_wins": 6,
    "pct_leading": 13.0,
    "pct_leading_year": 1922,
    "epoque": "old",
    "ahead_of_2nd": "1h 42' 54\"",
    "ahead_of_2nd_val": 1.715,
    "ahead_of_2nd_year": 1919,
    "average_speed": 24.196,
    "average_speed_year": 1922,
    "nb_wins": 2,
    "is_doped": false,
    "score": 1.35
  },
  "carlos-sastre": {
    "id": "carlos-sastre",
    "steps": {
      "1": 0.08,
      "2": 0.2,
      "4": 0.01,
      "3": 0.93,
      "5": 0.2
    },
    "first_name": "Carlos",
    "last_name": "Sastre",
    "country": "Espagne",
    "winner": true,
    "legend": false,
    "nb_leg_wins": 3,
    "pct_leading": 19.0,
    "pct_leading_year": 2008,
    "epoque": "cont",
    "ahead_of_2nd": "0h 00' 58\"",
    "ahead_of_2nd_val": 0.016111111,
    "ahead_of_2nd_year": 2008,
    "average_speed": 40.492,
    "average_speed_year": 2008,
    "nb_wins": 1,
    "is_doped": false,
    "score": 1.43
  },
  "gustave-garrigou": {
    "id": "gustave-garrigou",
    "steps": {
      "1": 0.21,
      "2": 0.84,
      "4": 0.0,
      "3": 0.18,
      "5": 0.2
    },
    "first_name": "Gustave",
    "last_name": "Garrigou",
    "country": "France",
    "winner": true,
    "legend": false,
    "nb_leg_wins": 8,
    "pct_leading": 80.0,
    "pct_leading_year": 1911,
    "epoque": "old",
    "ahead_of_2nd": "n.a.",
    "ahead_of_2nd_val": 0.0,
    "ahead_of_2nd_year": 1911,
    "average_speed": 27.322,
    "average_speed_year": 1911,
    "nb_wins": 1,
    "is_doped": false,
    "score": 1.43
  },
  "leon-scieur": {
    "id": "leon-scieur",
    "steps": {
      "1": 0.08,
      "2": 0.92,
      "4": 0.24,
      "3": 0.03,
      "5": 0.2
    },
    "first_name": "Léon",
    "last_name": "Scieur",
    "country": "Belgique",
    "winner": true,
    "legend": false,
    "nb_leg_wins": 3,
    "pct_leading": 87.0,
    "pct_leading_year": 1921,
    "epoque": "old",
    "ahead_of_2nd": "0h 18' 36\"",
    "ahead_of_2nd_val": 0.31,
    "ahead_of_2nd_year": 1921,
    "average_speed": 24.724,
    "average_speed_year": 1921,
    "nb_wins": 1,
    "is_doped": false,
    "score": 1.46
  },
  "lucien-buysse": {
    "id": "lucien-buysse",
    "steps": {
      "1": 0.13,
      "2": 0.56,
      "4": 0.57,
      "3": 0.0,
      "5": 0.2
    },
    "first_name": "Lucien",
    "last_name": "Buysse",
    "country": "Belgique",
    "winner": true,
    "legend": false,
    "nb_leg_wins": 5,
    "pct_leading": 53.0,
    "pct_leading_year": 1926,
    "epoque": "old",
    "ahead_of_2nd": "1h 22' 25\"",
    "ahead_of_2nd_val": 1.373611111,
    "ahead_of_2nd_year": 1926,
    "average_speed": 24.273,
    "average_speed_year": 1926,
    "nb_wins": 1,
    "is_doped": false,
    "score": 1.47
  },
  "oscar-pereiro": {
    "id": "oscar-pereiro",
    "steps": {
      "1": 0.03,
      "2": 0.31,
      "4": 0.01,
      "3": 0.95,
      "5": 0.2
    },
    "first_name": "Óscar",
    "last_name": "Pereiro",
    "country": "Espagne",
    "winner": true,
    "legend": false,
    "nb_leg_wins": 1,
    "pct_leading": 29.0,
    "pct_leading_year": 2006,
    "epoque": "cont",
    "ahead_of_2nd": "0h 00' 32\"",
    "ahead_of_2nd_val": 0.008888889,
    "ahead_of_2nd_year": 2006,
    "average_speed": 40.784,
    "average_speed_year": 2006,
    "nb_wins": 1,
    "is_doped": false,
    "score": 1.49
  },
  "ferdi-kubler": {
    "id": "ferdi-kubler",
    "steps": {
      "1": 0.21,
      "2": 0.47,
      "4": 0.14,
      "3": 0.49,
      "5": 0.2
    },
    "first_name": "Ferdi",
    "last_name": "Kübler",
    "country": "Suisse",
    "winner": true,
    "legend": false,
    "nb_leg_wins": 8,
    "pct_leading": 45.0,
    "pct_leading_year": 1950,
    "epoque": "old",
    "ahead_of_2nd": "0h 09' 30\"",
    "ahead_of_2nd_val": 0.158333333,
    "ahead_of_2nd_year": 1950,
    "average_speed": 32.778,
    "average_speed_year": 1950,
    "nb_wins": 1,
    "is_doped": false,
    "score": 1.52
  },
  "louis-trousselier": {
    "id": "louis-trousselier",
    "steps": {
      "1": 0.32,
      "2": 0.86,
      "4": 0.0,
      "3": 0.17,
      "5": 0.2
    },
    "first_name": "Louis",
    "last_name": "Trousselier",
    "country": "France",
    "winner": true,
    "legend": false,
    "nb_leg_wins": 12,
    "pct_leading": 82.0,
    "pct_leading_year": 1905,
    "epoque": "old",
    "ahead_of_2nd": "n.a.",
    "ahead_of_2nd_val": 0.0,
    "ahead_of_2nd_year": 1905,
    "average_speed": 27.107,
    "average_speed_year": 1905,
    "nb_wins": 1,
    "is_doped": false,
    "score": 1.55
  },
  "hugo-koblet": {
    "id": "hugo-koblet",
    "steps": {
      "1": 0.16,
      "2": 0.44,
      "4": 0.28,
      "3": 0.5,
      "5": 0.2
    },
    "first_name": "Hugo",
    "last_name": "Koblet",
    "country": "Suisse",
    "winner": true,
    "legend": false,
    "nb_leg_wins": 6,
    "pct_leading": 42.0,
    "pct_leading_year": 1951,
    "epoque": "old",
    "ahead_of_2nd": "0h 22' 00\"",
    "ahead_of_2nd_val": 0.366666667,
    "ahead_of_2nd_year": 1951,
    "average_speed": 32.949,
    "average_speed_year": 1951,
    "nb_wins": 1,
    "is_doped": false,
    "score": 1.58
  },
  "lucien-van-impe": {
    "id": "lucien-van-impe",
    "steps": {
      "1": 0.24,
      "2": 0.53,
      "4": 0.06,
      "3": 0.59,
      "5": 0.2
    },
    "first_name": "Lucien",
    "last_name": "Van Impe",
    "country": "Belgique",
    "winner": true,
    "legend": false,
    "nb_leg_wins": 9,
    "pct_leading": 50.0,
    "pct_leading_year": 1976,
    "epoque": "mod",
    "ahead_of_2nd": "0h 04' 14\"",
    "ahead_of_2nd_val": 0.070555556,
    "ahead_of_2nd_year": 1976,
    "average_speed": 34.518,
    "average_speed_year": 1976,
    "nb_wins": 1,
    "is_doped": false,
    "score": 1.62
  },
  "bernard-thevenet": {
    "id": "bernard-thevenet",
    "steps": {
      "1": 0.24,
      "2": 0.34,
      "4": 0.04,
      "3": 0.64,
      "5": 0.4
    },
    "first_name": "Bernard",
    "last_name": "Thévenet",
    "country": "France",
    "winner": true,
    "legend": true,
    "nb_leg_wins": 9,
    "pct_leading": 32.0,
    "pct_leading_year": 1977,
    "epoque": "mod",
    "ahead_of_2nd": "0h 02' 47\"",
    "ahead_of_2nd_val": 0.046388889,
    "ahead_of_2nd_year": 1975,
    "average_speed": 35.419,
    "average_speed_year": 1977,
    "nb_wins": 2,
    "is_doped": false,
    "score": 1.66
  },
  "marco-pantani": {
    "id": "marco-pantani",
    "steps": {
      "1": 0.21,
      "2": 0.31,
      "4": 0.05,
      "3": 0.9,
      "5": 0.2
    },
    "first_name": "Marco",
    "last_name": "Pantani",
    "country": "Italie",
    "winner": true,
    "legend": false,
    "nb_leg_wins": 8,
    "pct_leading": 29.0,
    "pct_leading_year": 1998,
    "epoque": "cont",
    "ahead_of_2nd": "0h 03' 21\"",
    "ahead_of_2nd_val": 0.055833333,
    "ahead_of_2nd_year": 1998,
    "average_speed": 39.983,
    "average_speed_year": 1998,
    "nb_wins": 1,
    "is_doped": false,
    "score": 1.67
  },
  "maurice-de-waele": {
    "id": "maurice-de-waele",
    "steps": {
      "1": 0.13,
      "2": 0.72,
      "4": 0.44,
      "3": 0.24,
      "5": 0.2
    },
    "first_name": "Maurice",
    "last_name": "De Waele",
    "country": "Belgique",
    "winner": true,
    "legend": false,
    "nb_leg_wins": 5,
    "pct_leading": 68.0,
    "pct_leading_year": 1929,
    "epoque": "old",
    "ahead_of_2nd": "0h 44' 23\"",
    "ahead_of_2nd_val": 0.739722222,
    "ahead_of_2nd_year": 1929,
    "average_speed": 28.319,
    "average_speed_year": 1929,
    "nb_wins": 1,
    "is_doped": false,
    "score": 1.72
  },
  "pedro-delgado": {
    "id": "pedro-delgado",
    "steps": {
      "1": 0.11,
      "2": 0.47,
      "4": 0.11,
      "3": 0.84,
      "5": 0.2
    },
    "first_name": "Pedro",
    "last_name": "Delgado",
    "country": "Espagne",
    "winner": true,
    "legend": false,
    "nb_leg_wins": 4,
    "pct_leading": 45.0,
    "pct_leading_year": 1988,
    "epoque": "mod",
    "ahead_of_2nd": "0h 07' 13\"",
    "ahead_of_2nd_val": 0.120277778,
    "ahead_of_2nd_year": 1988,
    "average_speed": 38.909,
    "average_speed_year": 1988,
    "nb_wins": 1,
    "is_doped": false,
    "score": 1.73
  },
  "roger-pingeon": {
    "id": "roger-pingeon",
    "steps": {
      "1": 0.11,
      "2": 0.77,
      "4": 0.06,
      "3": 0.6,
      "5": 0.2
    },
    "first_name": "Roger",
    "last_name": "Pingeon",
    "country": "France",
    "winner": true,
    "legend": false,
    "nb_leg_wins": 4,
    "pct_leading": 73.0,
    "pct_leading_year": 1967,
    "epoque": "mod",
    "ahead_of_2nd": "0h 03' 40\"",
    "ahead_of_2nd_val": 0.061111111,
    "ahead_of_2nd_year": 1967,
    "average_speed": 34.756,
    "average_speed_year": 1967,
    "nb_wins": 1,
    "is_doped": false,
    "score": 1.73
  },
  "lucien-petit-breton": {
    "id": "lucien-petit-breton",
    "steps": {
      "1": 0.18,
      "2": 0.91,
      "4": 0.0,
      "3": 0.26,
      "5": 0.4
    },
    "first_name": "Lucien",
    "last_name": "Petit-Breton",
    "country": "France",
    "winner": true,
    "legend": false,
    "nb_leg_wins": 7,
    "pct_leading": 86.0,
    "pct_leading_year": 1908,
    "epoque": "old",
    "ahead_of_2nd": "n.a.",
    "ahead_of_2nd_val": 0.0,
    "ahead_of_2nd_year": 1908,
    "average_speed": 28.74,
    "average_speed_year": 1908,
    "nb_wins": 2,
    "is_doped": false,
    "score": 1.75
  },
  "joop-zoetemelk": {
    "id": "joop-zoetemelk",
    "steps": {
      "1": 0.39,
      "2": 0.43,
      "4": 0.1,
      "3": 0.63,
      "5": 0.2
    },
    "first_name": "Joop",
    "last_name": "Zoetemelk",
    "country": "Pays-Bas",
    "winner": true,
    "legend": false,
    "nb_leg_wins": 15,
    "pct_leading": 41.0,
    "pct_leading_year": 1980,
    "epoque": "mod",
    "ahead_of_2nd": "0h 06' 55\"",
    "ahead_of_2nd_val": 0.115277778,
    "ahead_of_2nd_year": 1980,
    "average_speed": 35.144,
    "average_speed_year": 1980,
    "nb_wins": 1,
    "is_doped": false,
    "score": 1.76
  },
  "andy-schleck": {
    "id": "andy-schleck",
    "steps": {
      "1": 0.08,
      "2": 0.58,
      "4": 0.02,
      "3": 0.88,
      "5": 0.2
    },
    "first_name": "Andy",
    "last_name": "Schleck",
    "country": "Luxembourg",
    "winner": true,
    "legend": true,
    "nb_leg_wins": 3,
    "pct_leading": 55.0,
    "pct_leading_year": 2010,
    "epoque": "cont",
    "ahead_of_2nd": "0h 01' 22\"",
    "ahead_of_2nd_val": 0.022777778,
    "ahead_of_2nd_year": 2010,
    "average_speed": 39.594,
    "average_speed_year": 2010,
    "nb_wins": 1,
    "is_doped": false,
    "score": 1.76
  },
  "gastone-nencini": {
    "id": "gastone-nencini",
    "steps": {
      "1": 0.11,
      "2": 0.65,
      "4": 0.08,
      "3": 0.75,
      "5": 0.2
    },
    "first_name": "Gastone",
    "last_name": "Nencini",
    "country": "Italie",
    "winner": true,
    "legend": false,
    "nb_leg_wins": 4,
    "pct_leading": 62.0,
    "pct_leading_year": 1960,
    "epoque": "mod",
    "ahead_of_2nd": "0h 05' 02\"",
    "ahead_of_2nd_val": 0.083888889,
    "ahead_of_2nd_year": 1960,
    "average_speed": 37.21,
    "average_speed_year": 1960,
    "nb_wins": 1,
    "is_doped": false,
    "score": 1.78
  },
  "bjarne-riis": {
    "id": "bjarne-riis",
    "steps": {
      "1": 0.11,
      "2": 0.6,
      "4": 0.03,
      "3": 0.86,
      "5": 0.2
    },
    "first_name": "Bjarne",
    "last_name": "Riis",
    "country": "Danemark",
    "winner": true,
    "legend": false,
    "nb_leg_wins": 4,
    "pct_leading": 57.0,
    "pct_leading_year": 1996,
    "epoque": "cont",
    "ahead_of_2nd": "0h 01' 41\"",
    "ahead_of_2nd_val": 0.028055556,
    "ahead_of_2nd_year": 1996,
    "average_speed": 39.227,
    "average_speed_year": 1996,
    "nb_wins": 1,
    "is_doped": false,
    "score": 1.79
  },
  "alberto-contador": {
    "id": "alberto-contador",
    "steps": {
      "1": 0.11,
      "2": 0.31,
      "4": 0.06,
      "3": 0.92,
      "5": 0.4
    },
    "first_name": "Alberto",
    "last_name": "Contador",
    "country": "Espagne",
    "winner": true,
    "legend": true,
    "nb_leg_wins": 4,
    "pct_leading": 29.0,
    "pct_leading_year": 2009,
    "epoque": "cont",
    "ahead_of_2nd": "0h 04' 11\"",
    "ahead_of_2nd_val": 0.069722222,
    "ahead_of_2nd_year": 2009,
    "average_speed": 40.315,
    "average_speed_year": 2009,
    "nb_wins": 2,
    "is_doped": true,
    "score": 1.8
  },
  "laurent-fignon": {
    "id": "laurent-fignon",
    "steps": {
      "1": 0.32,
      "2": 0.27,
      "4": 0.16,
      "3": 0.69,
      "5": 0.4
    },
    "first_name": "Laurent",
    "last_name": "Fignon",
    "country": "France",
    "winner": true,
    "legend": true,
    "nb_leg_wins": 12,
    "pct_leading": 26.0,
    "pct_leading_year": 1984,
    "epoque": "mod",
    "ahead_of_2nd": "0h 10' 32\"",
    "ahead_of_2nd_val": 0.175555556,
    "ahead_of_2nd_year": 1984,
    "average_speed": 36.23,
    "average_speed_year": 1983,
    "nb_wins": 2,
    "is_doped": false,
    "score": 1.84
  },
  "luis-ocana": {
    "id": "luis-ocana",
    "steps": {
      "1": 0.24,
      "2": 0.68,
      "4": 0.2,
      "3": 0.53,
      "5": 0.2
    },
    "first_name": "Luis",
    "last_name": "Ocaña",
    "country": "Espagne",
    "winner": true,
    "legend": false,
    "nb_leg_wins": 9,
    "pct_leading": 65.0,
    "pct_leading_year": 1973,
    "epoque": "mod",
    "ahead_of_2nd": "0h 15' 51\"",
    "ahead_of_2nd_val": 0.264166667,
    "ahead_of_2nd_year": 1973,
    "average_speed": 33.407,
    "average_speed_year": 1973,
    "nb_wins": 1,
    "is_doped": false,
    "score": 1.85
  },
  "francois-faber": {
    "id": "francois-faber",
    "steps": {
      "1": 0.5,
      "2": 0.91,
      "4": 0.0,
      "3": 0.26,
      "5": 0.2
    },
    "first_name": "François",
    "last_name": "Faber",
    "country": "Luxembourg",
    "winner": true,
    "legend": false,
    "nb_leg_wins": 19,
    "pct_leading": 86.0,
    "pct_leading_year": 1909,
    "epoque": "old",
    "ahead_of_2nd": "n.a.",
    "ahead_of_2nd_val": 0.0,
    "ahead_of_2nd_year": 1909,
    "average_speed": 28.658,
    "average_speed_year": 1909,
    "nb_wins": 1,
    "is_doped": false,
    "score": 1.86
  },
  "bradley-wiggins": {
    "id": "bradley-wiggins",
    "steps": {
      "1": 0.05,
      "2": 0.68,
      "4": 0.05,
      "3": 0.89,
      "5": 0.2
    },
    "first_name": "Bradley",
    "last_name": "Wiggins",
    "country": "Royaume-Uni",
    "winner": true,
    "legend": false,
    "nb_leg_wins": 2,
    "pct_leading": 65.0,
    "pct_leading_year": 2012,
    "epoque": "cont",
    "ahead_of_2nd": "0h 03' 21\"",
    "ahead_of_2nd_val": 0.055833333,
    "ahead_of_2nd_year": 2012,
    "average_speed": 39.724,
    "average_speed_year": 2012,
    "nb_wins": 1,
    "is_doped": false,
    "score": 1.88
  },
  "romain-maes": {
    "id": "romain-maes",
    "steps": {
      "1": 0.11,
      "2": 1.0,
      "4": 0.23,
      "3": 0.37,
      "5": 0.2
    },
    "first_name": "Romain",
    "last_name": "Maes",
    "country": "Belgique",
    "winner": true,
    "legend": false,
    "nb_leg_wins": 4,
    "pct_leading": 95.0,
    "pct_leading_year": 1935,
    "epoque": "old",
    "ahead_of_2nd": "0h 17' 52\"",
    "ahead_of_2nd_val": 0.297777778,
    "ahead_of_2nd_year": 1935,
    "average_speed": 30.65,
    "average_speed_year": 1935,
    "nb_wins": 1,
    "is_doped": false,
    "score": 1.9
  },
  "jan-ullrich": {
    "id": "jan-ullrich",
    "steps": {
      "1": 0.18,
      "2": 0.55,
      "4": 0.14,
      "3": 0.86,
      "5": 0.2
    },
    "first_name": "Jan",
    "last_name": "Ullrich",
    "country": "Allemagne",
    "winner": true,
    "legend": true,
    "nb_leg_wins": 7,
    "pct_leading": 52.0,
    "pct_leading_year": 1997,
    "epoque": "cont",
    "ahead_of_2nd": "0h 09' 09\"",
    "ahead_of_2nd_val": 0.1525,
    "ahead_of_2nd_year": 1997,
    "average_speed": 39.237,
    "average_speed_year": 1997,
    "nb_wins": 1,
    "is_doped": false,
    "score": 1.93
  },
  "greg-lemond": {
    "id": "greg-lemond",
    "steps": {
      "1": 0.13,
      "2": 0.35,
      "4": 0.05,
      "3": 0.83,
      "5": 0.6
    },
    "first_name": "Greg",
    "last_name": "LeMond",
    "country": "États-Unis",
    "winner": true,
    "legend": true,
    "nb_leg_wins": 5,
    "pct_leading": 33.0,
    "pct_leading_year": 1989,
    "epoque": "mod",
    "ahead_of_2nd": "0h 03' 10\"",
    "ahead_of_2nd_val": 0.052777778,
    "ahead_of_2nd_year": 1986,
    "average_speed": 38.621,
    "average_speed_year": 1990,
    "nb_wins": 3,
    "is_doped": false,
    "score": 1.95
  },
  "gino-bartali": {
    "id": "gino-bartali",
    "steps": {
      "1": 0.32,
      "2": 0.4,
      "4": 0.31,
      "3": 0.53,
      "5": 0.4
    },
    "first_name": "Gino",
    "last_name": "Bartali",
    "country": "Italie",
    "winner": true,
    "legend": true,
    "nb_leg_wins": 12,
    "pct_leading": 38.0,
    "pct_leading_year": 1948,
    "epoque": "old",
    "ahead_of_2nd": "0h 26' 16\"",
    "ahead_of_2nd_val": 0.437777778,
    "ahead_of_2nd_year": 1948,
    "average_speed": 33.442,
    "average_speed_year": 1948,
    "nb_wins": 2,
    "is_doped": false,
    "score": 1.96
  },
  "lance-armstrong": {
    "id": "lance-armstrong",
    "steps": {
      "1": 0.05,
      "2": 0.8,
      "4": 0.12,
      "3": 1.0,
      "5": 0.0
    },
    "first_name": "Lance",
    "last_name": "Armstrong",
    "country": "États-Unis",
    "winner": false,
    "legend": true,
    "nb_leg_wins": 2,
    "pct_leading": 76.0,
    "pct_leading_year": 2005,
    "epoque": "cont",
    "ahead_of_2nd": "0h 07' 37\"",
    "ahead_of_2nd_val": 0.126944444,
    "ahead_of_2nd_year": 1999,
    "average_speed": 41.654,
    "average_speed_year": 2005,
    "nb_wins": 0,
    "is_doped": true,
    "score": 1.97
  },
  "felice-gimondi": {
    "id": "felice-gimondi",
    "steps": {
      "1": 0.18,
      "2": 0.91,
      "4": 0.04,
      "3": 0.67,
      "5": 0.2
    },
    "first_name": "Felice",
    "last_name": "Gimondi",
    "country": "Italie",
    "winner": true,
    "legend": false,
    "nb_leg_wins": 7,
    "pct_leading": 86.0,
    "pct_leading_year": 1965,
    "epoque": "mod",
    "ahead_of_2nd": "0h 02' 40\"",
    "ahead_of_2nd_val": 0.044444444,
    "ahead_of_2nd_year": 1965,
    "average_speed": 35.886,
    "average_speed_year": 1965,
    "nb_wins": 1,
    "is_doped": false,
    "score": 2.0
  },
  "fausto-coppi": {
    "id": "fausto-coppi",
    "steps": {
      "1": 0.24,
      "2": 0.6,
      "4": 0.34,
      "3": 0.46,
      "5": 0.4
    },
    "first_name": "Fausto",
    "last_name": "Coppi",
    "country": "Italie",
    "winner": true,
    "legend": true,
    "nb_leg_wins": 9,
    "pct_leading": 57.0,
    "pct_leading_year": 1952,
    "epoque": "old",
    "ahead_of_2nd": "0h 28' 17\"",
    "ahead_of_2nd_val": 0.471388889,
    "ahead_of_2nd_year": 1952,
    "average_speed": 32.233,
    "average_speed_year": 1952,
    "nb_wins": 2,
    "is_doped": false,
    "score": 2.03
  },
  "sylvere-maes": {
    "id": "sylvere-maes",
    "steps": {
      "1": 0.24,
      "2": 0.6,
      "4": 0.36,
      "3": 0.45,
      "5": 0.4
    },
    "first_name": "Sylvère",
    "last_name": "Maes",
    "country": "Belgique",
    "winner": true,
    "legend": false,
    "nb_leg_wins": 9,
    "pct_leading": 57.0,
    "pct_leading_year": 1936,
    "epoque": "old",
    "ahead_of_2nd": "0h 30' 38\"",
    "ahead_of_2nd_val": 0.510555556,
    "ahead_of_2nd_year": 1939,
    "average_speed": 31.986,
    "average_speed_year": 1939,
    "nb_wins": 2,
    "is_doped": false,
    "score": 2.05
  },
  "ottavio-bottecchia": {
    "id": "ottavio-bottecchia",
    "steps": {
      "1": 0.24,
      "2": 0.98,
      "4": 0.53,
      "3": 0.04,
      "5": 0.4
    },
    "first_name": "Ottavio",
    "last_name": "Bottecchia",
    "country": "Italie",
    "winner": true,
    "legend": false,
    "nb_leg_wins": 9,
    "pct_leading": 93.0,
    "pct_leading_year": 1924,
    "epoque": "old",
    "ahead_of_2nd": "0h 54' 20\"",
    "ahead_of_2nd_val": 0.905555556,
    "ahead_of_2nd_year": 1925,
    "average_speed": 24.82,
    "average_speed_year": 1925,
    "nb_wins": 2,
    "is_doped": false,
    "score": 2.18
  },
  "philippe-thys": {
    "id": "philippe-thys",
    "steps": {
      "1": 0.34,
      "2": 0.98,
      "4": 0.13,
      "3": 0.15,
      "5": 0.6
    },
    "first_name": "Philippe",
    "last_name": "Thys",
    "country": "Belgique",
    "winner": true,
    "legend": true,
    "nb_leg_wins": 13,
    "pct_leading": 93.0,
    "pct_leading_year": 1914,
    "epoque": "old",
    "ahead_of_2nd": "0h 08' 37\"",
    "ahead_of_2nd_val": 0.143611111,
    "ahead_of_2nd_year": 1913,
    "average_speed": 26.835,
    "average_speed_year": 1914,
    "nb_wins": 3,
    "is_doped": false,
    "score": 2.2
  },
  "maurice-garin": {
    "id": "maurice-garin",
    "steps": {
      "1": 0.08,
      "2": 0.87,
      "4": 1.0,
      "3": 0.08,
      "5": 0.2
    },
    "first_name": "Maurice",
    "last_name": "Garin",
    "country": "France",
    "winner": true,
    "legend": false,
    "nb_leg_wins": 3,
    "pct_leading": 83.0,
    "pct_leading_year": 1903,
    "epoque": "old",
    "ahead_of_2nd": "2h 49' 45\"",
    "ahead_of_2nd_val": 2.829166667,
    "ahead_of_2nd_year": 1903,
    "average_speed": 25.679,
    "average_speed_year": 1903,
    "nb_wins": 1,
    "is_doped": false,
    "score": 2.24
  },
  "louison-bobet": {
    "id": "louison-bobet",
    "steps": {
      "1": 0.29,
      "2": 0.6,
      "4": 0.2,
      "3": 0.6,
      "5": 0.6
    },
    "first_name": "Louison",
    "last_name": "Bobet",
    "country": "France",
    "winner": true,
    "legend": true,
    "nb_leg_wins": 11,
    "pct_leading": 57.0,
    "pct_leading_year": 1954,
    "epoque": "old",
    "ahead_of_2nd": "0h 15' 49\"",
    "ahead_of_2nd_val": 0.263611111,
    "ahead_of_2nd_year": 1954,
    "average_speed": 34.593,
    "average_speed_year": 1953,
    "nb_wins": 3,
    "is_doped": false,
    "score": 2.29
  },
  "antonin-magne": {
    "id": "antonin-magne",
    "steps": {
      "1": 0.26,
      "2": 0.96,
      "4": 0.33,
      "3": 0.35,
      "5": 0.4
    },
    "first_name": "Antonin",
    "last_name": "Magne",
    "country": "France",
    "winner": true,
    "legend": false,
    "nb_leg_wins": 10,
    "pct_leading": 91.0,
    "pct_leading_year": 1934,
    "epoque": "old",
    "ahead_of_2nd": "0h 27' 31\"",
    "ahead_of_2nd_val": 0.458611111,
    "ahead_of_2nd_year": 1934,
    "average_speed": 30.36,
    "average_speed_year": 1934,
    "nb_wins": 2,
    "is_doped": false,
    "score": 2.3
  },
  "andre-leducq": {
    "id": "andre-leducq",
    "steps": {
      "1": 0.66,
      "2": 0.91,
      "4": 0.29,
      "3": 0.28,
      "5": 0.4
    },
    "first_name": "André",
    "last_name": "Leducq",
    "country": "France",
    "winner": true,
    "legend": false,
    "nb_leg_wins": 25,
    "pct_leading": 86.0,
    "pct_leading_year": 1932,
    "epoque": "old",
    "ahead_of_2nd": "0h 24' 03\"",
    "ahead_of_2nd_val": 0.400833333,
    "ahead_of_2nd_year": 1932,
    "average_speed": 29.047,
    "average_speed_year": 1932,
    "nb_wins": 2,
    "is_doped": false,
    "score": 2.53
  },
  "nicolas-frantz": {
    "id": "nicolas-frantz",
    "steps": {
      "1": 0.55,
      "2": 1.0,
      "4": 0.69,
      "3": 0.24,
      "5": 0.4
    },
    "first_name": "Nicolas",
    "last_name": "Frantz",
    "country": "Luxembourg",
    "winner": true,
    "legend": false,
    "nb_leg_wins": 21,
    "pct_leading": 95.0,
    "pct_leading_year": 1928,
    "epoque": "old",
    "ahead_of_2nd": "1h 48' 21\"",
    "ahead_of_2nd_val": 1.805833333,
    "ahead_of_2nd_year": 1927,
    "average_speed": 28.4,
    "average_speed_year": 1928,
    "nb_wins": 2,
    "is_doped": false,
    "score": 2.89
  },
  "miguel-indurain": {
    "id": "miguel-indurain",
    "steps": {
      "1": 0.32,
      "2": 0.68,
      "4": 0.09,
      "3": 0.88,
      "5": 1.0
    },
    "first_name": "Miguel",
    "last_name": "Indurain",
    "country": "Espagne",
    "winner": true,
    "legend": true,
    "nb_leg_wins": 12,
    "pct_leading": 65.0,
    "pct_leading_year": 1993,
    "epoque": "cont",
    "ahead_of_2nd": "0h 05' 39\"",
    "ahead_of_2nd_val": 0.094166667,
    "ahead_of_2nd_year": 1994,
    "average_speed": 39.504,
    "average_speed_year": 1992,
    "nb_wins": 5,
    "is_doped": false,
    "score": 2.96
  },
  "jacques-anquetil": {
    "id": "jacques-anquetil",
    "steps": {
      "1": 0.42,
      "2": 1.0,
      "4": 0.19,
      "3": 0.75,
      "5": 1.0
    },
    "first_name": "Jacques",
    "last_name": "Anquetil",
    "country": "France",
    "winner": true,
    "legend": true,
    "nb_leg_wins": 16,
    "pct_leading": 95.0,
    "pct_leading_year": 1961,
    "epoque": "mod",
    "ahead_of_2nd": "0h 14' 56\"",
    "ahead_of_2nd_val": 0.248888889,
    "ahead_of_2nd_year": 1957,
    "average_speed": 37.317,
    "average_speed_year": 1962,
    "nb_wins": 5,
    "is_doped": false,
    "score": 3.36
  },
  "bernard-hinault": {
    "id": "bernard-hinault",
    "steps": {
      "1": 0.74,
      "2": 0.83,
      "4": 0.19,
      "3": 0.85,
      "5": 1.0
    },
    "first_name": "Bernard",
    "last_name": "Hinault",
    "country": "France",
    "winner": true,
    "legend": true,
    "nb_leg_wins": 28,
    "pct_leading": 79.0,
    "pct_leading_year": 1981,
    "epoque": "mod",
    "ahead_of_2nd": "0h 14' 34\"",
    "ahead_of_2nd_val": 0.242777778,
    "ahead_of_2nd_year": 1981,
    "average_speed": 38.96,
    "average_speed_year": 1981,
    "nb_wins": 5,
    "is_doped": false,
    "score": 3.6
  },
  "eddy-merckx": {
    "id": "eddy-merckx",
    "steps": {
      "1": 1.0,
      "2": 0.87,
      "4": 0.23,
      "3": 0.8,
      "5": 1.0
    },
    "first_name": "Eddy",
    "last_name": "Merckx",
    "country": "Belgique",
    "winner": true,
    "legend": true,
    "nb_leg_wins": 38,
    "pct_leading": 83.0,
    "pct_leading_year": 1970,
    "epoque": "mod",
    "ahead_of_2nd": "0h 17' 54\"",
    "ahead_of_2nd_val": 0.298333333,
    "ahead_of_2nd_year": 1969,
    "average_speed": 38.084,
    "average_speed_year": 1971,
    "nb_wins": 5,
    "is_doped": false,
    "score": 3.9
  },
  "christopher-froome": {
    "id": "christopher-froome",
    "steps": {
      "1": 0.11,
      "2": 0.63,
      "4": 0.06,
      "3": 0.94,
      "5": 0.2
    },
    "first_name": "Christopher",
    "last_name": "Froome",
    "country": "Royaume-Uni",
    "winner": true,
    "legend": false,
    "nb_leg_wins": 4,
    "pct_leading": 60.0,
    "pct_leading_year": 2014,
    "epoque": "cont",
    "ahead_of_2nd": "0h 04' 20\" ",
    "ahead_of_2nd_val": 0.072222222,
    "ahead_of_2nd_year": 2013,
    "average_speed": 40.542,
    "average_speed_year": 2013,
    "nb_wins": 1,
    "is_doped": false,
    "score": 1.93
  }
}