{
  "col-du-tourmalet": {
    "id": "col-du-tourmalet",
    "name": "Col du Tourmalet",
    "type": "Hyperlapse",
    "url": "http://wedodata.gotoandbuzz.fr/examples/viewer.html#42.906060000000004,0.148050000000012,42.908496409902135,0.14623779098508294,42.907990000000005,0.14516,0",
    "coords": "42.908569,0.145655",
    "distance": "10",
    "millis": "160",
    "lookat": "off",
    "position": "0",
    "excerpt": "Le col le plus franchi de l'histoire du Tour.",
    "text": "Les coureurs franchissent pour la première fois le col du Tourmalet en 1910, lors de la première grande étape pyrénéenne de la course. Depuis, c’est le col qui a été franchi le plus grand nombre de fois."
  },
  "mont-ventoux": {
    "id": "mont-ventoux",
    "name": "Mont Ventoux",
    "type": "Hyperlapse",
    "url": "http://wedodata.gotoandbuzz.fr/examples/viewer.html#44.16973,5.28597000000002,44.17303996610667,5.2769499025939695,44.173790000000004,5.283930000000001,0",
    "coords": "44.174232,5.283437",
    "distance": "10",
    "millis": "180",
    "lookat": "off",
    "position": "0",
    "excerpt": "Un sommet souvent gravi sous un soleil de plomb.",
    "text": "La première ascension du mont Ventoux dans le Tour a lieu en 1951. Il fût depuis gravi 14 fois, dont 8 arrivées au sommet. La 15e étape du Tour 2013 s’y terminera (Givors - Mont Ventoux, 242 kilomètres)."
  },
  "col-de-la-madeleine": {
    "id": "col-de-la-madeleine",
    "name": "Col de la Madeleine",
    "type": "Hyperlapse",
    "url": "http://wedodata.gotoandbuzz.fr/examples/viewer.html#45.43247,6.371440000000007,45.435725158311,6.375519069311508,45.43547,6.375570000000001,0",
    "coords": "45.4349,6.375461",
    "distance": "10",
    "millis": "170",
    "lookat": "on",
    "position": "0",
    "excerpt": "Ce col se franchit au bout d'une montée sans répit.",
    "text": "Gravi pour la première fois en 1969, le col de la Madeleine, dans les Alpes, a été franchi 24 fois depuis, la dernière en 2012. Il sera escaladé lors de la 19e étape du Tour 2013 (Bourg-d'Oisans - Le Grand-Bornand, 204 km)."
  },
  "col-de-la-croix-de-fer": {
    "id": "col-de-la-croix-de-fer",
    "name": "Col de la Croix-de-Fer",
    "type": "Hyperlapse",
    "url": "http://wedodata.gotoandbuzz.fr/examples/viewer.html#45.231100000000005,6.199889999999982,45.22748433281114,6.203461673610718,45.22749,6.20338,0",
    "coords": "45.227846,6.202683",
    "distance": "15",
    "millis": "165",
    "lookat": "on",
    "position": "0",
    "excerpt": "Un col doté d'un panorama extraordinaire.",
    "text": "Depuis 1947, le Tour de France a emprunté 16 fois ce col des Alpes. En 1986, il est le théâtre d'une échappée de Bernard Hinault et Greg Lemond devenue mythique."
  },
  "col-dizoard": {
    "id": "col-dizoard",
    "name": "Col d’Izoard",
    "type": "Street View",
    "url": "https://maps.google.fr/maps?q=col+d%27izoard&ll=44.819554,6.732449&spn=0.001461,0.002411&oe=utf-8&client=firefox-a&hnear=Col+d%27Izoard&gl=fr&t=m&z=19&layer=c&cbll=44.819579,6.732335&panoid=i4XrDsGJiH3U0qkxcIQmDQ&cbp=12,151.22,,0,-1.9",
    "coords": "44.819554,6.732449",
    "heading": "151.22",
    "excerpt": "Un col souvent franchi par le Tour et le Giro.",
    "text": " Le col d'Izoard, dans les Alpes, a été franchi au total à 33 reprises par le Tour de France. Sur le versant sud, une stèle est dédiée à Fausto Coppi et Louison Bobet."
  },
  "passage-du-gois": {
    "id": "passage-du-gois",
    "name": "Passage du Gois",
    "type": "Hyperlapse",
    "url": "http://wedodata.gotoandbuzz.fr/examples/viewer.html#46.93309000000001,-2.1321100000000004,46.922882819880385,-2.1021818825073524,46.9232,-2.1076200000000003,0",
    "coords": "46.933854,-2.133923",
    "distance": "40",
    "millis": "150",
    "lookat": "off",
    "position": "180",
    "excerpt": "Un moment pittoresque de l'histoire du Tour.",
    "text": "Déjà empruntée par les coureurs en 1999, cette chaussée submersible de 4,2 km située en Vendée a été le théâtre de la cérémonie officielle du départ du Tour en 2011."
  },
  "cote-de-la-rochette": {
    "id": "cote-de-la-rochette",
    "name": "Côte de la Rochette",
    "type": "Hyperlapse",
    "url": "http://wedodata.gotoandbuzz.fr/examples/viewer.html#44.581,6.1258699999999635,44.57974743320368,6.124363284902984,44.57979,6.124279999999999,0",
    "coords": "44.580473,6.125393",
    "distance": "5",
    "millis": "185",
    "lookat": "off",
    "position": "0",
    "excerpt": "Le lieu d'une des images marquantes du Tour.",
    "text": "Durant le Tour 2003, Joseba Beloki, alors 2e du classement, chûte lourdement ici. Pour l'éviter, Lens Armstrong est contraint de couper à travers champs."
  },
  "pra-loup": {
    "id": "pra-loup",
    "name": "Pra-Loup",
    "type": "Hyperlapse",
    "url": "http://wedodata.gotoandbuzz.fr/examples/viewer.html#44.36766,6.61907999999994,44.365456343799195,6.615449926025349,44.366670000000006,6.618650000000001,0",
    "coords": "44.362949,6.620936",
    "distance": "10",
    "millis": "170",
    "lookat": "off",
    "position": "180",
    "excerpt": "Le théâtre d'une incroyable péripétie du Tour.",
    "text": "C'est dans cette montée vers la station de ski alpine de Pra Loup que Bernard Thevenet va profiter, en 1975, d'une défaillance d'Eddy Merckx pour mettre un terme à son règne."
  },
  "col-du-ballon-dalsace": {
    "id": "col-du-ballon-dalsace",
    "name": "Col du Ballon d'Alsace",
    "type": "Hyperlapse",
    "url": "http://wedodata.gotoandbuzz.fr/examples/viewer.html#47.82782,6.83699,47.821538704814714,6.835721163940434,47.82092,6.834460000000001,0",
    "coords": "47.821425,6.834269",
    "distance": "15",
    "millis": "180",
    "lookat": "off",
    "position": "0",
    "excerpt": "Les premiers coups de pédale en montagne.",
    "text": "Régulièrement gravi par les coureurs depuis 1905, ce col des Vosges est considéré comme la première difficulté \"montagneuse\" jamais empruntée par le tracé du Tour de France."
  },
  "viaduc-de-millau": {
    "id": "viaduc-de-millau",
    "name": "Viaduc de Millau",
    "type": "Hyperlapse",
    "url": "http://wedodata.gotoandbuzz.fr/examples/viewer.html#44.078230000000005,3.01648,44.08307321008558,3.022043031213343,44.079750000000004,3.02828,0",
    "coords": "44.078513,3.018931",
    "distance": "15",
    "millis": "100",
    "lookat": "on",
    "position": "0",
    "excerpt": "Une prouesse architecturale saluée par le Tour.",
    "text": "Lors de son édition 2005, le tracé du Tour a rendu hommage au pont fraîchement inauguré (décembre 2004) en faisant passer les coureurs en dessous."
  },
  "mont-saint-michel": {
    "id": "mont-saint-michel",
    "name": "Mont Saint-Michel",
    "type": "Hyperlapse",
    "url": "http://wedodata.gotoandbuzz.fr/examples/viewer.html#48.62299,-1.5092700000000001,48.63568075863218,-1.5111619846557005,48.63308000000001,-1.5096900000000002,0",
    "coords": "48.632568,-1.509418",
    "distance": "20",
    "millis": "150",
    "lookat": "on",
    "position": "0",
    "excerpt": "Quand le Tour prend des airs de carte postale…",
    "text": "Pour la seconde fois seulement (après l'édition 1990), le Tour 2013 compte une étape qui s'achève au Mont Saint-Michel (la 11e, Avranches - Mont Saint-Michel, contre-la-montre de 33 kilomètres)."
  },
  "promenade-des-anglais": {
    "id": "promenade-des-anglais",
    "name": "Promenade des Anglais",
    "type": "Hyperlapse",
    "url": "http://wedodata.gotoandbuzz.fr/examples/viewer.html#43.69091,7.24654,43.6924614529523,7.25602303544315,43.693650000000005,7.255980000000022,0",
    "coords": "43.691739,7.248917",
    "distance": "20",
    "millis": "170",
    "lookat": "off",
    "position": "0",
    "excerpt": "En 2013, le Tour la joue glamour !",
    "text": "Le Tour de France était parti de Nice en 1981. En 2013, la ville abrite un contre-la-montre qui trouvera son départ et sa conclusion sur la célèbre Promenade des Anglais."
  },
  "le-reveil-matin": {
    "id": "le-reveil-matin",
    "name": "le Réveil-Matin",
    "type": "Street View",
    "url": "https://maps.google.fr/maps?q=le+r%C3%A9veil+matin,+montgeron,+frnac&hl=fr&ie=UTF8&ll=48.719225,2.4439&spn=0.005408,0.009645&sll=48.858859,2.34706&sspn=0.172571,0.308647&hq=le+r%C3%A9veil+matin,+montgeron,+frnac&t=m&z=17&layer=c&cbll=48.719209,2.443742&panoid=9TeX_U2wK_0Ru8H_yLt2Zg&cbp=12,21.01,,0,15.52",
    "coords": "48.719209,2.443742",
    "heading": "21.01",
    "excerpt": "Le pont de départ du premier Tour de l'Histoire.",
    "text": "Le premier Tour de France est parti de ce quartier de Montgeron, en 1903. 100 ans plus tard, en 2003, la course s’élance à nouveau de cette place (après un prologue dans Paris)."
  },
  "col-du-galibier": {
    "id": "col-du-galibier",
    "name": "Col du Galibier",
    "type": "Street View",
    "url": "https://maps.google.fr/maps?q=col+du+galibier&hl=fr&ll=45.06176,6.405748&spn=0.007972,0.021662&sll=45.228874,6.20234&sspn=0.023212,0.038581&hnear=Col+du+Galibier&t=m&layer=c&cbll=45.061635,6.405742&panoid=_fGNQzkgAAEAfxDxl9UJMw&cbp=12,326.96,,0,4.83&z=17",
    "coords": "45.061635,6.405742",
    "heading": "326.96",
    "excerpt": "Un col perché à 2642 mètres d'altitude !",
    "text": "Ce col alpin, un des points les plus élevés du Tour, a été franchi par les coureurs à 59 reprises Un monument à la gloire d'Henri Desgranges, le père de la course, y a été érigé en 1949."
  },
  "champs-elysees": {
    "id": "champs-elysees",
    "name": "Champs-Elysées",
    "type": "Street View",
    "url": "https://maps.google.fr/maps?q=maps+champs-elys%C3%A9es&hl=fr&ie=UTF8&ll=48.867352,2.315247&spn=0.00542,0.009645&sll=44.173894,5.283909&sspn=0.047278,0.077162&gl=fr&hnear=Avenue+des+Champs+%C3%89lys%C3%A9es,+Paris,+%C3%8Ele-de-France&t=m&layer=c&cbll=48.867352,2.315247&panoid=b9_-3wEsMCP_jNyp-L76zA&cbp=12,306.53,,0,-3.5&z=17",
    "coords": "48.867352,2.315247",
    "heading": "306.53",
    "excerpt": "L'étape que tous les sprinters rêvent de gagner.",
    "text": "Depuis 1975, le Tour de France s'achève sur les Champs-Élysées. En 1989, l'américain Greg Lemond y dépossède le français Laurent Fignon de son maillot jaune pour 8 secondes d'avance."
  },
  "montee-de-lalpe-dhuez": {
    "id": "montee-de-lalpe-dhuez",
    "name": "Montée de l'Alpe d’Huez",
    "type": "Street View",
    "url": "https://maps.google.fr/maps?q=alpe+d%27huez&hl=fr&ie=UTF8&ll=45.074793,6.047716&spn=0.04655,0.077162&sll=45.064216,6.408505&sspn=0.024522,0.038581&hnear=L%27Alpe+d%27Huez,+Huez,+Is%C3%A8re,+Rh%C3%B4ne-Alpes&t=m&layer=c&cbll=45.074834,6.047591&panoid=6SfoQD3wnrkxnhm3wHnYiQ&cbp=12,69.87,,0,-2&z=14",
    "coords": "45.074834,6.047591",
    "heading": "69.87",
    "excerpt": "Une montée mythique, prisée des fans de vélo.",
    "text": "Régulièrement empruntée par le Tour, la montée de l'Alpe d'Huez a souvent eu un caractère décisif. Ses 21 lacets seront gravis deux fois par les coureurs lors de la 18e étape du Tour 2013 (Gap - Alpe-d'Huez, 168 km)."
  },
  "stade-de-bordeaux": {
    "id": "stade-de-bordeaux",
    "name": "Stade de Bordeaux",
    "type": "Street View",
    "url": "https://maps.google.fr/maps?q=stade+chaban+delmas+bordeaux&hl=fr&ll=44.830826,-0.598326&spn=0.023252,0.038581&sll=45.074854,6.04763&sspn=0.04655,0.077162&hq=stade+chaban+delmas+bordeaux&t=m&z=15&layer=c&cbll=44.830898,-0.598323&panoid=Teww4uZWe8yBT0zYO-XiOg&cbp=12,174.69,,0,3.6",
    "coords": "44.830898,-0.598323",
    "heading": "174.69",
    "excerpt": "Un ancien passage obligé du Tour.",
    "text": "Le vélodrome du Parc Lescure (ancien nom du stade Jacques-Chaban-Delmas) de Bordeaux fût le théâtre de 32 arrivées d'étapes du Tour entre 1947 et 1979."
  }
}