{
  "1903": {
    "year": 1903,
    "edition": 1,
    "total_length": 2428,
    "nb_legs": 6,
    "has_prologue": false,
    "nb_concurrents": 60,
    "nb_finishers": 21,
    "pct_finishers": 35,
    "winner_first_name": "Maurice",
    "winner_last_name": "Garin",
    "winner_id": "maurice-garin",
    "winner_total_time": "94h 33' 00\"",
    "winner_age": "32",
    "winner_country": "France",
    "winner_avg_speed": "25,679",
    "ahead_of_2nd": "2h 49' 45\" ",
    "second_name": "L. Pothier",
    "second_country": "France",
    "second_id": null,
    "ahead_of_3rd": "4h 29' 38\"",
    "third_name": "F. Augerau",
    "third_country": "France",
    "third_id": null,
    "legs": [

    ]
  },
  "1904": {
    "year": 1904,
    "edition": 2,
    "total_length": 2428,
    "nb_legs": 6,
    "has_prologue": false,
    "nb_concurrents": 88,
    "nb_finishers": 15,
    "pct_finishers": 17,
    "winner_first_name": "Henri",
    "winner_last_name": "Cornet",
    "winner_id": "henri-cornet",
    "winner_total_time": "96h 05' 56\"",
    "winner_age": "19",
    "winner_country": "France",
    "winner_avg_speed": "25,265",
    "ahead_of_2nd": "2h 16' 14\" ",
    "second_name": "J-B. Dortignacq",
    "second_country": "France",
    "second_id": null,
    "ahead_of_3rd": "8 h 07' 20\"",
    "third_name": "A. Catteau",
    "third_country": "Belgique",
    "third_id": null,
    "legs": [

    ]
  },
  "1905": {
    "year": 1905,
    "edition": 3,
    "total_length": 2994,
    "nb_legs": 11,
    "has_prologue": false,
    "nb_concurrents": 60,
    "nb_finishers": 24,
    "pct_finishers": 40,
    "winner_first_name": "Louis",
    "winner_last_name": "Trousselier",
    "winner_id": "louis-trousselier",
    "winner_total_time": "110h 26' 58”",
    "winner_age": "24",
    "winner_country": "France",
    "winner_avg_speed": "27,107",
    "ahead_of_2nd": "n.a.",
    "second_name": "H. Aucouturier",
    "second_country": "France",
    "second_id": null,
    "ahead_of_3rd": "n.a.",
    "third_name": "JB. Dortignacq",
    "third_country": "France",
    "third_id": null,
    "legs": [

    ]
  },
  "1906": {
    "year": 1906,
    "edition": 4,
    "total_length": 4637,
    "nb_legs": 13,
    "has_prologue": false,
    "nb_concurrents": 82,
    "nb_finishers": 14,
    "pct_finishers": 17,
    "winner_first_name": "René",
    "winner_last_name": "Pottier",
    "winner_id": "rene-pottier",
    "winner_total_time": "189h 34' 00\"",
    "winner_age": "27",
    "winner_country": "France",
    "winner_avg_speed": "24,463",
    "ahead_of_2nd": "n.a.",
    "second_name": "G. Passerieu",
    "second_country": "France",
    "second_id": null,
    "ahead_of_3rd": "n.a.",
    "third_name": "L. Trousselier",
    "third_country": "France",
    "third_id": "louis-trousselier",
    "legs": [

    ]
  },
  "1907": {
    "year": 1907,
    "edition": 5,
    "total_length": 4488,
    "nb_legs": 14,
    "has_prologue": false,
    "nb_concurrents": 93,
    "nb_finishers": 33,
    "pct_finishers": 35,
    "winner_first_name": "Lucien",
    "winner_last_name": "Petit-Breton",
    "winner_id": "lucien-petit-breton",
    "winner_total_time": "158h 45' 05\"",
    "winner_age": "24",
    "winner_country": "France",
    "winner_avg_speed": "28,470",
    "ahead_of_2nd": "n.a.",
    "second_name": "G. Garrigou",
    "second_country": "France",
    "second_id": null,
    "ahead_of_3rd": "n.a.",
    "third_name": "E. Georget",
    "third_country": "France",
    "third_id": null,
    "legs": [

    ]
  },
  "1908": {
    "year": 1908,
    "edition": 6,
    "total_length": 4488,
    "nb_legs": 14,
    "has_prologue": false,
    "nb_concurrents": 110,
    "nb_finishers": 36,
    "pct_finishers": 33,
    "winner_first_name": "Lucien",
    "winner_last_name": "Petit-Breton",
    "winner_id": "lucien-petit-breton",
    "winner_total_time": "156h 53' 29\"",
    "winner_age": "25",
    "winner_country": "France",
    "winner_avg_speed": "28,740",
    "ahead_of_2nd": "n.a.",
    "second_name": "F. Faber",
    "second_country": "Luxembourg",
    "second_id": "francois-faber",
    "ahead_of_3rd": "n.a.",
    "third_name": "G. Passerieu",
    "third_country": "France",
    "third_id": null,
    "legs": [

    ]
  },
  "1909": {
    "year": 1909,
    "edition": 7,
    "total_length": 4497,
    "nb_legs": 14,
    "has_prologue": false,
    "nb_concurrents": 150,
    "nb_finishers": 55,
    "pct_finishers": 37,
    "winner_first_name": "François",
    "winner_last_name": "Faber",
    "winner_id": "francois-faber",
    "winner_total_time": "157h 01' 22\"",
    "winner_age": "22",
    "winner_country": "Luxembourg",
    "winner_avg_speed": "28,658",
    "ahead_of_2nd": "n.a.",
    "second_name": "G. Garrigou",
    "second_country": "France",
    "second_id": "gustave-garrigou",
    "ahead_of_3rd": "n.a.",
    "third_name": "J. Alavoine",
    "third_country": "France",
    "third_id": null,
    "legs": [

    ]
  },
  "1910": {
    "year": 1910,
    "edition": 8,
    "total_length": 4734,
    "nb_legs": 15,
    "has_prologue": false,
    "nb_concurrents": 110,
    "nb_finishers": 41,
    "pct_finishers": 37,
    "winner_first_name": "Octave",
    "winner_last_name": "Lapize",
    "winner_id": "octave-lapize",
    "winner_total_time": "162h 41' 30\"",
    "winner_age": "22",
    "winner_country": "France",
    "winner_avg_speed": "29,099",
    "ahead_of_2nd": "n.a.",
    "second_name": "F. Faber",
    "second_country": "Luxembourg",
    "second_id": "francois-faber",
    "ahead_of_3rd": "n.a.",
    "third_name": "G. Garrigou",
    "third_country": "France",
    "third_id": "gustave-garrigou",
    "legs": [

    ]
  },
  "1911": {
    "year": 1911,
    "edition": 9,
    "total_length": 5343,
    "nb_legs": 15,
    "has_prologue": false,
    "nb_concurrents": 84,
    "nb_finishers": 28,
    "pct_finishers": 33,
    "winner_first_name": "Gustave",
    "winner_last_name": "Garrigou",
    "winner_id": "gustave-garrigou",
    "winner_total_time": "195h 37' 00\"",
    "winner_age": "26",
    "winner_country": "France",
    "winner_avg_speed": "27,322",
    "ahead_of_2nd": "n.a.",
    "second_name": "P. Duboc",
    "second_country": "France",
    "second_id": null,
    "ahead_of_3rd": "n.a.",
    "third_name": "E. Georget",
    "third_country": "France",
    "third_id": null,
    "legs": [

    ]
  },
  "1912": {
    "year": 1912,
    "edition": 10,
    "total_length": 5289,
    "nb_legs": 15,
    "has_prologue": false,
    "nb_concurrents": 131,
    "nb_finishers": 41,
    "pct_finishers": 31,
    "winner_first_name": "Odile",
    "winner_last_name": "Defraye",
    "winner_id": "odile-defraye",
    "winner_total_time": "190h 30' 28\"",
    "winner_age": "24",
    "winner_country": "Belgique",
    "winner_avg_speed": "27,763",
    "ahead_of_2nd": "n.a.",
    "second_name": "E. Christophe",
    "second_country": "France",
    "second_id": null,
    "ahead_of_3rd": "n.a.",
    "third_name": "G. Garrigou",
    "third_country": "France",
    "third_id": "gustave-garrigou",
    "legs": [

    ]
  },
  "1913": {
    "year": 1913,
    "edition": 11,
    "total_length": 5287,
    "nb_legs": 15,
    "has_prologue": false,
    "nb_concurrents": 140,
    "nb_finishers": 25,
    "pct_finishers": 18,
    "winner_first_name": "Philippe",
    "winner_last_name": "Thys",
    "winner_id": "philippe-thys",
    "winner_total_time": "197h 54' 00\"",
    "winner_age": "23",
    "winner_country": "Belgique",
    "winner_avg_speed": "26,715",
    "ahead_of_2nd": "0h 08' 37\" ",
    "second_name": "G. Garrigou",
    "second_country": "France",
    "second_id": "gustave-garrigou",
    "ahead_of_3rd": "0h 30' 55\"",
    "third_name": "M. Buysse",
    "third_country": "Belgique",
    "third_id": null,
    "legs": [

    ]
  },
  "1914": {
    "year": 1914,
    "edition": 12,
    "total_length": 5380,
    "nb_legs": 15,
    "has_prologue": false,
    "nb_concurrents": 145,
    "nb_finishers": 54,
    "pct_finishers": 37,
    "winner_first_name": "Philippe",
    "winner_last_name": "Thys",
    "winner_id": "philippe-thys",
    "winner_total_time": "200h 28' 48\"",
    "winner_age": "24",
    "winner_country": "Belgique",
    "winner_avg_speed": "26,835",
    "ahead_of_2nd": "0h 01' 40\" ",
    "second_name": "H. Pelissier",
    "second_country": "France",
    "second_id": "henri-pelissier",
    "ahead_of_3rd": "0h 36' 53\"",
    "third_name": "J. Alavoine",
    "third_country": "France",
    "third_id": null,
    "legs": [

    ]
  },
  "1919": {
    "year": 1919,
    "edition": 13,
    "total_length": 5560,
    "nb_legs": 15,
    "has_prologue": false,
    "nb_concurrents": 69,
    "nb_finishers": 11,
    "pct_finishers": 16,
    "winner_first_name": "Firmin",
    "winner_last_name": "Lambot",
    "winner_id": "firmin-lambot",
    "winner_total_time": "231h 07' 15\"",
    "winner_age": "33",
    "winner_country": "Belgique",
    "winner_avg_speed": "24,056",
    "ahead_of_2nd": "1h 32' 54\" ",
    "second_name": "J. Alavoine",
    "second_country": "France",
    "second_id": null,
    "ahead_of_3rd": "2h 16' 31\"",
    "third_name": "E. Christophe",
    "third_country": "France",
    "third_id": null,
    "legs": [

    ]
  },
  "1920": {
    "year": 1920,
    "edition": 14,
    "total_length": 5503,
    "nb_legs": 15,
    "has_prologue": false,
    "nb_concurrents": 113,
    "nb_finishers": 22,
    "pct_finishers": 19,
    "winner_first_name": "Philippe",
    "winner_last_name": "Thys",
    "winner_id": "philippe-thys",
    "winner_total_time": "228h 36' 13\"",
    "winner_age": "30",
    "winner_country": "Belgique",
    "winner_avg_speed": "24,072",
    "ahead_of_2nd": "0h 57' 21\" ",
    "second_name": "H. Heusghem",
    "second_country": "Belgique",
    "second_id": null,
    "ahead_of_3rd": "1h 39' 35\"",
    "third_name": "F. Lambot",
    "third_country": "Belgique",
    "third_id": "firmin-lambot",
    "legs": [

    ]
  },
  "1921": {
    "year": 1921,
    "edition": 15,
    "total_length": 5485,
    "nb_legs": 15,
    "has_prologue": false,
    "nb_concurrents": 123,
    "nb_finishers": 38,
    "pct_finishers": 31,
    "winner_first_name": "Léon",
    "winner_last_name": "Scieur",
    "winner_id": "leon-scieur",
    "winner_total_time": "221h 50' 26\"",
    "winner_age": "33",
    "winner_country": "Belgique",
    "winner_avg_speed": "24,724",
    "ahead_of_2nd": "0h 18' 36\" ",
    "second_name": "H. Heusghem",
    "second_country": "Belgique",
    "second_id": null,
    "ahead_of_3rd": "2h 01' 00\"",
    "third_name": "H. Barthelemy",
    "third_country": "France",
    "third_id": null,
    "legs": [

    ]
  },
  "1922": {
    "year": 1922,
    "edition": 16,
    "total_length": 5375,
    "nb_legs": 15,
    "has_prologue": false,
    "nb_concurrents": 120,
    "nb_finishers": 38,
    "pct_finishers": 32,
    "winner_first_name": "Firmin",
    "winner_last_name": "Lambot",
    "winner_id": "firmin-lambot",
    "winner_total_time": "222h 08' 06\"",
    "winner_age": "36",
    "winner_country": "Belgique",
    "winner_avg_speed": "24,196",
    "ahead_of_2nd": "0h 41' 15\" ",
    "second_name": "J. Alavoine",
    "second_country": "France",
    "second_id": null,
    "ahead_of_3rd": "0h 43' 02\"",
    "third_name": "F. Sellier",
    "third_country": "Belgique",
    "third_id": null,
    "legs": [

    ]
  },
  "1923": {
    "year": 1923,
    "edition": 17,
    "total_length": 5386,
    "nb_legs": 15,
    "has_prologue": false,
    "nb_concurrents": 139,
    "nb_finishers": 48,
    "pct_finishers": 35,
    "winner_first_name": "Henri",
    "winner_last_name": "Pélissier",
    "winner_id": "henri-pelissier",
    "winner_total_time": "222h 15' 30\"",
    "winner_age": "34",
    "winner_country": "France",
    "winner_avg_speed": "24,233",
    "ahead_of_2nd": "0h 30' 41\" ",
    "second_name": "O. Bottecchia",
    "second_country": "Italie",
    "second_id": "ottavio-bottecchia",
    "ahead_of_3rd": "1h 04' 43\"",
    "third_name": "R. Bellenger",
    "third_country": "France",
    "third_id": null,
    "legs": [

    ]
  },
  "1924": {
    "year": 1924,
    "edition": 18,
    "total_length": 5425,
    "nb_legs": 15,
    "has_prologue": false,
    "nb_concurrents": 157,
    "nb_finishers": 60,
    "pct_finishers": 38,
    "winner_first_name": "Ottavio",
    "winner_last_name": "Bottecchia",
    "winner_id": "ottavio-bottecchia",
    "winner_total_time": "226h 18' 21\"",
    "winner_age": "29",
    "winner_country": "Italie",
    "winner_avg_speed": "24,250",
    "ahead_of_2nd": "0h 35' 36\" ",
    "second_name": "N. Frantz",
    "second_country": "Luxembourg",
    "second_id": "nicolas-frantz",
    "ahead_of_3rd": "1h 32' 13\"",
    "third_name": "L. Buysse",
    "third_country": "Belgique",
    "third_id": "lucien-buysse",
    "legs": [

    ]
  },
  "1925": {
    "year": 1925,
    "edition": 19,
    "total_length": 5440,
    "nb_legs": 18,
    "has_prologue": false,
    "nb_concurrents": 130,
    "nb_finishers": 49,
    "pct_finishers": 38,
    "winner_first_name": "Ottavio",
    "winner_last_name": "Bottecchia",
    "winner_id": "ottavio-bottecchia",
    "winner_total_time": "219h 10' 18\"",
    "winner_age": "30",
    "winner_country": "Italie",
    "winner_avg_speed": "24,820",
    "ahead_of_2nd": "0h 54' 20\" ",
    "second_name": "L. Buysse",
    "second_country": "France",
    "second_id": "lucien-buysse",
    "ahead_of_3rd": "0h 56' 17\"",
    "third_name": "B. Aimo",
    "third_country": "Italie",
    "third_id": null,
    "legs": [

    ]
  },
  "1926": {
    "year": 1926,
    "edition": 20,
    "total_length": 5745,
    "nb_legs": 17,
    "has_prologue": false,
    "nb_concurrents": 126,
    "nb_finishers": 41,
    "pct_finishers": 33,
    "winner_first_name": "Lucien",
    "winner_last_name": "Buysse",
    "winner_id": "lucien-buysse",
    "winner_total_time": "238h 44' 25\"",
    "winner_age": "33",
    "winner_country": "Belgique",
    "winner_avg_speed": "24,273",
    "ahead_of_2nd": "1h 22' 25\" ",
    "second_name": "N. Frantz",
    "second_country": "Luxembourg",
    "second_id": "nicolas-frantz",
    "ahead_of_3rd": "1h 23' 51\"",
    "third_name": "B. Aimo",
    "third_country": "Italie",
    "third_id": null,
    "legs": [

    ]
  },
  "1927": {
    "year": 1927,
    "edition": 21,
    "total_length": 5398,
    "nb_legs": 24,
    "has_prologue": false,
    "nb_concurrents": 142,
    "nb_finishers": 39,
    "pct_finishers": 27,
    "winner_first_name": "Nicolas",
    "winner_last_name": "Frantz",
    "winner_id": "nicolas-frantz",
    "winner_total_time": "198h 16' 42\"",
    "winner_age": "27",
    "winner_country": "Luxembourg",
    "winner_avg_speed": "27,224",
    "ahead_of_2nd": "1h 48' 21\" ",
    "second_name": "M. De Waele",
    "second_country": "Belgique",
    "second_id": "maurice-de-waele",
    "ahead_of_3rd": "2h 25' 06\"",
    "third_name": "J. Vervaecke",
    "third_country": "Belgique",
    "third_id": null,
    "legs": [

    ]
  },
  "1928": {
    "year": 1928,
    "edition": 22,
    "total_length": 5376,
    "nb_legs": 22,
    "has_prologue": false,
    "nb_concurrents": 162,
    "nb_finishers": 41,
    "pct_finishers": 25,
    "winner_first_name": "Nicolas",
    "winner_last_name": "Frantz",
    "winner_id": "nicolas-frantz",
    "winner_total_time": "192h 48' 58\"",
    "winner_age": "28",
    "winner_country": "Luxembourg",
    "winner_avg_speed": "28,400",
    "ahead_of_2nd": "0h 50' 07\" ",
    "second_name": "A. Leducq",
    "second_country": "France",
    "second_id": "andre-leducq",
    "ahead_of_3rd": "0h 56' 16\"",
    "third_name": "M. De Waele",
    "third_country": "Belgique",
    "third_id": "maurice-de-waele",
    "legs": [

    ]
  },
  "1929": {
    "year": 1929,
    "edition": 23,
    "total_length": 5286,
    "nb_legs": 22,
    "has_prologue": false,
    "nb_concurrents": 155,
    "nb_finishers": 60,
    "pct_finishers": 39,
    "winner_first_name": "Maurice",
    "winner_last_name": "De Waele",
    "winner_id": "maurice-de-waele",
    "winner_total_time": "186h 39' 16\"",
    "winner_age": "32",
    "winner_country": "Belgique",
    "winner_avg_speed": "28,319",
    "ahead_of_2nd": "0h 44' 23\" ",
    "second_name": "G. Pancera",
    "second_country": "Italie",
    "second_id": null,
    "ahead_of_3rd": "0h 57' 10\"",
    "third_name": "J. Demuysere",
    "third_country": "Belgique",
    "third_id": null,
    "legs": [

    ]
  },
  "1930": {
    "year": 1930,
    "edition": 24,
    "total_length": 4822,
    "nb_legs": 21,
    "has_prologue": false,
    "nb_concurrents": 100,
    "nb_finishers": 59,
    "pct_finishers": 59,
    "winner_first_name": "André",
    "winner_last_name": "Leducq",
    "winner_id": "andre-leducq",
    "winner_total_time": "172h 12' 16\"",
    "winner_age": "26",
    "winner_country": "France",
    "winner_avg_speed": "28,000",
    "ahead_of_2nd": "0h 14' 13\" ",
    "second_name": "L. Guerra",
    "second_country": "Italie",
    "second_id": null,
    "ahead_of_3rd": "0h 16' 03\"",
    "third_name": "A. Magne",
    "third_country": "France",
    "third_id": "antonin-magne",
    "legs": [

    ]
  },
  "1931": {
    "year": 1931,
    "edition": 25,
    "total_length": 5091,
    "nb_legs": 24,
    "has_prologue": false,
    "nb_concurrents": 81,
    "nb_finishers": 35,
    "pct_finishers": 43,
    "winner_first_name": "Antonin",
    "winner_last_name": "Magne",
    "winner_id": "antonin-magne",
    "winner_total_time": "177h 10' 03\"",
    "winner_age": "27",
    "winner_country": "France",
    "winner_avg_speed": "28,735",
    "ahead_of_2nd": "0h 12' 56\" ",
    "second_name": "J. Demuysere",
    "second_country": "Belgique",
    "second_id": null,
    "ahead_of_3rd": "0h 22' 52\"",
    "third_name": "A. Pesenti",
    "third_country": "Italie",
    "third_id": null,
    "legs": [

    ]
  },
  "1932": {
    "year": 1932,
    "edition": 26,
    "total_length": 4479,
    "nb_legs": 21,
    "has_prologue": false,
    "nb_concurrents": 80,
    "nb_finishers": 57,
    "pct_finishers": 71,
    "winner_first_name": "André",
    "winner_last_name": "Leducq",
    "winner_id": "andre-leducq",
    "winner_total_time": "154h 12' 59''",
    "winner_age": "28",
    "winner_country": "France",
    "winner_avg_speed": "29,047",
    "ahead_of_2nd": "0h 24' 01\" ",
    "second_name": "K. Stoepel",
    "second_country": "Allemagne",
    "second_id": null,
    "ahead_of_3rd": "0h 26' 11\"",
    "third_name": "F. Camusso",
    "third_country": "Italie",
    "third_id": null,
    "legs": [

    ]
  },
  "1933": {
    "year": 1933,
    "edition": 27,
    "total_length": 4395,
    "nb_legs": 23,
    "has_prologue": false,
    "nb_concurrents": 80,
    "nb_finishers": 40,
    "pct_finishers": 50,
    "winner_first_name": "Georges",
    "winner_last_name": "Speicher",
    "winner_id": "georges-speicher",
    "winner_total_time": "147h 51' 37\"",
    "winner_age": "26",
    "winner_country": "France",
    "winner_avg_speed": "29,818",
    "ahead_of_2nd": "0h 04' 01\" ",
    "second_name": "L. Guerra",
    "second_country": "Italie",
    "second_id": null,
    "ahead_of_3rd": "0h 05' 01\"",
    "third_name": "G. Martano",
    "third_country": "Italie",
    "third_id": null,
    "legs": [

    ]
  },
  "1934": {
    "year": 1934,
    "edition": 28,
    "total_length": 4470,
    "nb_legs": 23,
    "has_prologue": false,
    "nb_concurrents": 60,
    "nb_finishers": 39,
    "pct_finishers": 65,
    "winner_first_name": "Antonin",
    "winner_last_name": "Magne",
    "winner_id": "antonin-magne",
    "winner_total_time": "147h 13' 58\"",
    "winner_age": "30",
    "winner_country": "France",
    "winner_avg_speed": "30,360",
    "ahead_of_2nd": "0h 27' 31\" ",
    "second_name": "G. Martano",
    "second_country": "Italie",
    "second_id": null,
    "ahead_of_3rd": "0h 52' 15\"",
    "third_name": "R. Lapébie",
    "third_country": "France",
    "third_id": "roger-lapebie",
    "legs": [

    ]
  },
  "1935": {
    "year": 1935,
    "edition": 29,
    "total_length": 4338,
    "nb_legs": 21,
    "has_prologue": false,
    "nb_concurrents": 93,
    "nb_finishers": 46,
    "pct_finishers": 49,
    "winner_first_name": "Romain",
    "winner_last_name": "Maes",
    "winner_id": "romain-maes",
    "winner_total_time": "141h 23' 00\"",
    "winner_age": "22",
    "winner_country": "Belgique",
    "winner_avg_speed": "30,650",
    "ahead_of_2nd": "0h 17' 52\" ",
    "second_name": "A. Morelli",
    "second_country": "Italie",
    "second_id": null,
    "ahead_of_3rd": "0h 24' 06\"",
    "third_name": "F. Vervaecke",
    "third_country": "Belgique",
    "third_id": null,
    "legs": [

    ]
  },
  "1936": {
    "year": 1936,
    "edition": 30,
    "total_length": 4442,
    "nb_legs": 21,
    "has_prologue": false,
    "nb_concurrents": 130,
    "nb_finishers": 43,
    "pct_finishers": 33,
    "winner_first_name": "Sylvère",
    "winner_last_name": "Maes",
    "winner_id": "sylvere-maes",
    "winner_total_time": "142h 47' 32\"",
    "winner_age": "26",
    "winner_country": "Belgique",
    "winner_avg_speed": "31,108",
    "ahead_of_2nd": "0h 26' 55\" ",
    "second_name": "A. Magne",
    "second_country": "France",
    "second_id": "antonin-magne",
    "ahead_of_3rd": "0h 27' 53\"",
    "third_name": "F. Vervaecke",
    "third_country": "Belgique",
    "third_id": null,
    "legs": [

    ]
  },
  "1937": {
    "year": 1937,
    "edition": 31,
    "total_length": 4415,
    "nb_legs": 20,
    "has_prologue": false,
    "nb_concurrents": 98,
    "nb_finishers": 46,
    "pct_finishers": 47,
    "winner_first_name": "Roger",
    "winner_last_name": "Lapébie",
    "winner_id": "roger-lapebie",
    "winner_total_time": "138h 58' 31\"",
    "winner_age": "26",
    "winner_country": "France",
    "winner_avg_speed": "31,768",
    "ahead_of_2nd": "0h 07' 17\" ",
    "second_name": "M. Vicini",
    "second_country": "Italie",
    "second_id": null,
    "ahead_of_3rd": "0h 26' 23\"",
    "third_name": "L. Amberg",
    "third_country": "Suisse",
    "third_id": null,
    "legs": [

    ]
  },
  "1938": {
    "year": 1938,
    "edition": 32,
    "total_length": 4694,
    "nb_legs": 21,
    "has_prologue": false,
    "nb_concurrents": 96,
    "nb_finishers": 55,
    "pct_finishers": 57,
    "winner_first_name": "Gino",
    "winner_last_name": "Bartali",
    "winner_id": "gino-bartali",
    "winner_total_time": "148h 29' 12\"",
    "winner_age": "24",
    "winner_country": "Italie",
    "winner_avg_speed": "31,565",
    "ahead_of_2nd": "0h 18' 27\" ",
    "second_name": "F. Vervaecke",
    "second_country": "Belgique",
    "second_id": null,
    "ahead_of_3rd": "0h 29' 26\"",
    "third_name": "V. Cosson",
    "third_country": "France",
    "third_id": null,
    "legs": [

    ]
  },
  "1939": {
    "year": 1939,
    "edition": 33,
    "total_length": 4224,
    "nb_legs": 18,
    "has_prologue": false,
    "nb_concurrents": 79,
    "nb_finishers": 49,
    "pct_finishers": 62,
    "winner_first_name": "Sylvère",
    "winner_last_name": "Maes",
    "winner_id": "sylvere-maes",
    "winner_total_time": "132h 03' 17\"",
    "winner_age": "29",
    "winner_country": "Belgique",
    "winner_avg_speed": "31,986",
    "ahead_of_2nd": "0h 30' 38\" ",
    "second_name": "R. Vietto",
    "second_country": "France",
    "second_id": null,
    "ahead_of_3rd": "0h 32' 08\"",
    "third_name": "L. Vlaemynck",
    "third_country": "Belgique",
    "third_id": null,
    "legs": [

    ]
  },
  "1947": {
    "year": 1947,
    "edition": 34,
    "total_length": 4642,
    "nb_legs": 21,
    "has_prologue": false,
    "nb_concurrents": 100,
    "nb_finishers": 53,
    "pct_finishers": 53,
    "winner_first_name": "Jean",
    "winner_last_name": "Robic",
    "winner_id": "jean-robic",
    "winner_total_time": "148h 11' 25\"",
    "winner_age": "26",
    "winner_country": "France",
    "winner_avg_speed": "31,412",
    "ahead_of_2nd": "0h 03' 58\" ",
    "second_name": "E. Fachleitner",
    "second_country": "France",
    "second_id": null,
    "ahead_of_3rd": "0h 10' 07\"",
    "third_name": "P. Brambilla",
    "third_country": "Italie",
    "third_id": null,
    "legs": [

    ]
  },
  "1948": {
    "year": 1948,
    "edition": 35,
    "total_length": 4922,
    "nb_legs": 21,
    "has_prologue": false,
    "nb_concurrents": 120,
    "nb_finishers": 44,
    "pct_finishers": 37,
    "winner_first_name": "Gino",
    "winner_last_name": "Bartali",
    "winner_id": "gino-bartali",
    "winner_total_time": "147h 10' 36\"",
    "winner_age": "34",
    "winner_country": "Italie",
    "winner_avg_speed": "33,442",
    "ahead_of_2nd": "0h 26' 16\" ",
    "second_name": "A. Schotte",
    "second_country": "Belgique",
    "second_id": null,
    "ahead_of_3rd": "0h 28' 48\"",
    "third_name": "G. Lapebie",
    "third_country": "France",
    "third_id": null,
    "legs": [

    ]
  },
  "1949": {
    "year": 1949,
    "edition": 36,
    "total_length": 4808,
    "nb_legs": 21,
    "has_prologue": false,
    "nb_concurrents": 120,
    "nb_finishers": 55,
    "pct_finishers": 46,
    "winner_first_name": "Fausto",
    "winner_last_name": "Coppi",
    "winner_id": "fausto-coppi",
    "winner_total_time": "149h 40' 49\"",
    "winner_age": "29",
    "winner_country": "Italie",
    "winner_avg_speed": "32,121",
    "ahead_of_2nd": "0h 10' 55\" ",
    "second_name": "G. Bartali",
    "second_country": "Italie",
    "second_id": "gino-bartali",
    "ahead_of_3rd": "0h 25' 13\"",
    "third_name": "J. Marinelli",
    "third_country": "France",
    "third_id": null,
    "legs": [

    ]
  },
  "1950": {
    "year": 1950,
    "edition": 37,
    "total_length": 4773,
    "nb_legs": 22,
    "has_prologue": false,
    "nb_concurrents": 116,
    "nb_finishers": 51,
    "pct_finishers": 44,
    "winner_first_name": "Ferdi",
    "winner_last_name": "Kübler",
    "winner_id": "ferdi-kubler",
    "winner_total_time": "145h 36' 46\"",
    "winner_age": "31",
    "winner_country": "Suisse",
    "winner_avg_speed": "32,778",
    "ahead_of_2nd": "0h 09' 30\" ",
    "second_name": "S. Ockers",
    "second_country": "Belgique",
    "second_id": null,
    "ahead_of_3rd": "0h 22' 19\"",
    "third_name": "L. Bobet",
    "third_country": "France",
    "third_id": "louison-bobet",
    "legs": [

    ]
  },
  "1951": {
    "year": 1951,
    "edition": 38,
    "total_length": 4690,
    "nb_legs": 24,
    "has_prologue": false,
    "nb_concurrents": 123,
    "nb_finishers": 66,
    "pct_finishers": 54,
    "winner_first_name": "Hugo",
    "winner_last_name": "Koblet",
    "winner_id": "hugo-koblet",
    "winner_total_time": "142h 20' 14\"",
    "winner_age": "26",
    "winner_country": "Suisse",
    "winner_avg_speed": "32,949",
    "ahead_of_2nd": "0h 22' 00\" ",
    "second_name": "R. Geminiani",
    "second_country": "France",
    "second_id": null,
    "ahead_of_3rd": "0h 24' 16\"",
    "third_name": "L. Lazarides",
    "third_country": "France",
    "third_id": null,
    "legs": [

    ]
  },
  "1952": {
    "year": 1952,
    "edition": 39,
    "total_length": 4898,
    "nb_legs": 23,
    "has_prologue": false,
    "nb_concurrents": 122,
    "nb_finishers": 78,
    "pct_finishers": 64,
    "winner_first_name": "Fausto",
    "winner_last_name": "Coppi",
    "winner_id": "fausto-coppi",
    "winner_total_time": "151h 57' 20\"",
    "winner_age": "32",
    "winner_country": "Italie",
    "winner_avg_speed": "32,233",
    "ahead_of_2nd": "0h 28' 17\" ",
    "second_name": "S. Ockers",
    "second_country": "Belgique",
    "second_id": null,
    "ahead_of_3rd": "0h 34' 38\"",
    "third_name": "B. Ruiz",
    "third_country": "Espagne",
    "third_id": null,
    "legs": [

    ]
  },
  "1953": {
    "year": 1953,
    "edition": 40,
    "total_length": 4476,
    "nb_legs": 22,
    "has_prologue": false,
    "nb_concurrents": 119,
    "nb_finishers": 76,
    "pct_finishers": 64,
    "winner_first_name": "Louison",
    "winner_last_name": "Bobet",
    "winner_id": "louison-bobet",
    "winner_total_time": "129h 23' 25\"",
    "winner_age": "28",
    "winner_country": "France",
    "winner_avg_speed": "34,593",
    "ahead_of_2nd": "0h 14' 18\" ",
    "second_name": "J. Mallejac",
    "second_country": "France",
    "second_id": null,
    "ahead_of_3rd": "0h 15' 01\"",
    "third_name": "G. Astrua",
    "third_country": "Italie",
    "third_id": null,
    "legs": [

    ]
  },
  "1954": {
    "year": 1954,
    "edition": 41,
    "total_length": 4656,
    "nb_legs": 23,
    "has_prologue": false,
    "nb_concurrents": 110,
    "nb_finishers": 69,
    "pct_finishers": 63,
    "winner_first_name": "Louison",
    "winner_last_name": "Bobet",
    "winner_id": "louison-bobet",
    "winner_total_time": "140h 06' 05\"",
    "winner_age": "29",
    "winner_country": "France",
    "winner_avg_speed": "33,229",
    "ahead_of_2nd": "0h 15' 49\" ",
    "second_name": "F. Kübler",
    "second_country": "Suisse",
    "second_id": "ferdi-kubler",
    "ahead_of_3rd": "0h 21' 46\"",
    "third_name": "F. Schaer",
    "third_country": "Suisse",
    "third_id": null,
    "legs": [

    ]
  },
  "1955": {
    "year": 1955,
    "edition": 42,
    "total_length": 4495,
    "nb_legs": 22,
    "has_prologue": false,
    "nb_concurrents": 130,
    "nb_finishers": 69,
    "pct_finishers": 53,
    "winner_first_name": "Louison",
    "winner_last_name": "Bobet",
    "winner_id": "louison-bobet",
    "winner_total_time": "130h 29' 26\"",
    "winner_age": "30",
    "winner_country": "France",
    "winner_avg_speed": "34,446",
    "ahead_of_2nd": "0h 04' 53\" ",
    "second_name": "J. Brankart",
    "second_country": "Belgique",
    "second_id": null,
    "ahead_of_3rd": "0h 11' 30\"",
    "third_name": "C. Gaul",
    "third_country": "Luxembourg",
    "third_id": "charly-gaul",
    "legs": [

    ]
  },
  "1956": {
    "year": 1956,
    "edition": 43,
    "total_length": 4498,
    "nb_legs": 22,
    "has_prologue": false,
    "nb_concurrents": 120,
    "nb_finishers": 88,
    "pct_finishers": 73,
    "winner_first_name": "Roger",
    "winner_last_name": "Walkowiak",
    "winner_id": "roger-walkowiak",
    "winner_total_time": "124h 01' 16\"",
    "winner_age": "29",
    "winner_country": "France",
    "winner_avg_speed": "36,268",
    "ahead_of_2nd": "0h 01' 25\" ",
    "second_name": "G. Bauvin",
    "second_country": "France",
    "second_id": null,
    "ahead_of_3rd": "0h 03' 44\"",
    "third_name": "J. Adriaensens",
    "third_country": "Belgique",
    "third_id": null,
    "legs": [

    ]
  },
  "1957": {
    "year": 1957,
    "edition": 44,
    "total_length": 4669,
    "nb_legs": 22,
    "has_prologue": false,
    "nb_concurrents": 120,
    "nb_finishers": 56,
    "pct_finishers": 47,
    "winner_first_name": "Jacques",
    "winner_last_name": "Anquetil",
    "winner_id": "jacques-anquetil",
    "winner_total_time": "135h 44' 42\"",
    "winner_age": "23",
    "winner_country": "France",
    "winner_avg_speed": "34,520",
    "ahead_of_2nd": "0h 14' 56\" ",
    "second_name": "M. Janssens",
    "second_country": "Belgique",
    "second_id": null,
    "ahead_of_3rd": "0h 17' 26\"",
    "third_name": "A. Christian",
    "third_country": "Autriche",
    "third_id": null,
    "legs": [

    ]
  },
  "1958": {
    "year": 1958,
    "edition": 45,
    "total_length": 4319,
    "nb_legs": 24,
    "has_prologue": false,
    "nb_concurrents": 120,
    "nb_finishers": 78,
    "pct_finishers": 65,
    "winner_first_name": "Charly",
    "winner_last_name": "Gaul",
    "winner_id": "charly-gaul",
    "winner_total_time": "116h 59' 05\"",
    "winner_age": "25",
    "winner_country": "Luxembourg",
    "winner_avg_speed": "36,919",
    "ahead_of_2nd": "0h 03' 10\" ",
    "second_name": "V. Favero",
    "second_country": "Italie",
    "second_id": null,
    "ahead_of_3rd": "0h 03' 41\"",
    "third_name": "R. Geminiani",
    "third_country": "France",
    "third_id": null,
    "legs": [

    ]
  },
  "1959": {
    "year": 1959,
    "edition": 46,
    "total_length": 4358,
    "nb_legs": 22,
    "has_prologue": false,
    "nb_concurrents": 120,
    "nb_finishers": 65,
    "pct_finishers": 54,
    "winner_first_name": "Federico",
    "winner_last_name": "Bahamontes",
    "winner_id": "federico-bahamontes",
    "winner_total_time": "123h 46' 45\"",
    "winner_age": "30",
    "winner_country": "Espagne",
    "winner_avg_speed": "35,474",
    "ahead_of_2nd": "0h 04' 01\" ",
    "second_name": "H. Anglade",
    "second_country": "France",
    "second_id": null,
    "ahead_of_3rd": "0h 05' 05\"",
    "third_name": "J. Anquetil",
    "third_country": "France",
    "third_id": "jacques-anquetil",
    "legs": [

    ]
  },
  "1960": {
    "year": 1960,
    "edition": 47,
    "total_length": 4173,
    "nb_legs": 21,
    "has_prologue": false,
    "nb_concurrents": 128,
    "nb_finishers": 81,
    "pct_finishers": 63,
    "winner_first_name": "Gastone",
    "winner_last_name": "Nencini",
    "winner_id": "gastone-nencini",
    "winner_total_time": "112h 08' 42\"",
    "winner_age": "30",
    "winner_country": "Italie",
    "winner_avg_speed": "37,210",
    "ahead_of_2nd": "0h 05' 02\" ",
    "second_name": "G. Battistini",
    "second_country": "Italie",
    "second_id": null,
    "ahead_of_3rd": "0h 10' 24\"",
    "third_name": "J. Adriaensens",
    "third_country": "Belgique",
    "third_id": null,
    "legs": [

    ]
  },
  "1961": {
    "year": 1961,
    "edition": 48,
    "total_length": 4397,
    "nb_legs": 21,
    "has_prologue": false,
    "nb_concurrents": 132,
    "nb_finishers": 72,
    "pct_finishers": 55,
    "winner_first_name": "Jacques",
    "winner_last_name": "Anquetil",
    "winner_id": "jacques-anquetil",
    "winner_total_time": "122h 01' 33\"",
    "winner_age": "27",
    "winner_country": "France",
    "winner_avg_speed": "36,033",
    "ahead_of_2nd": "0h 12' 14\" ",
    "second_name": "G. CarlesiI",
    "second_country": "Italie",
    "second_id": null,
    "ahead_of_3rd": "0h 12' 16\"",
    "third_name": "C. Gaul",
    "third_country": "Luxembourg",
    "third_id": null,
    "legs": [

    ]
  },
  "1962": {
    "year": 1962,
    "edition": 49,
    "total_length": 4274,
    "nb_legs": 22,
    "has_prologue": false,
    "nb_concurrents": 150,
    "nb_finishers": 94,
    "pct_finishers": 63,
    "winner_first_name": "Jacques",
    "winner_last_name": "Anquetil",
    "winner_id": "jacques-anquetil",
    "winner_total_time": "114h 31' 45\"",
    "winner_age": "28",
    "winner_country": "France",
    "winner_avg_speed": "37,317",
    "ahead_of_2nd": "0h 04' 59\" ",
    "second_name": "J. Planckaert",
    "second_country": "Belgique",
    "second_id": null,
    "ahead_of_3rd": "0h 10' 24\"",
    "third_name": "R. Poulidor",
    "third_country": "France",
    "third_id": null,
    "legs": [

    ]
  },
  "1963": {
    "year": 1963,
    "edition": 50,
    "total_length": 4138,
    "nb_legs": 21,
    "has_prologue": false,
    "nb_concurrents": 130,
    "nb_finishers": 76,
    "pct_finishers": 58,
    "winner_first_name": "Jacques",
    "winner_last_name": "Anquetil",
    "winner_id": "jacques-anquetil",
    "winner_total_time": "113h 30' 05\"",
    "winner_age": "29",
    "winner_country": "France",
    "winner_avg_speed": "37,092",
    "ahead_of_2nd": "0h 03' 35\" ",
    "second_name": "F. Bahamontes",
    "second_country": "Espagne",
    "second_id": "federico-bahamontes",
    "ahead_of_3rd": "0h 10' 14\"",
    "third_name": "J. Perez-Frances",
    "third_country": "Espagne",
    "third_id": null,
    "legs": [

    ]
  },
  "1964": {
    "year": 1964,
    "edition": 51,
    "total_length": 4504,
    "nb_legs": 22,
    "has_prologue": false,
    "nb_concurrents": 132,
    "nb_finishers": 81,
    "pct_finishers": 61,
    "winner_first_name": "Jacques",
    "winner_last_name": "Anquetil",
    "winner_id": "jacques-anquetil",
    "winner_total_time": "127h 09' 44\"",
    "winner_age": "30",
    "winner_country": "France",
    "winner_avg_speed": "35,419",
    "ahead_of_2nd": "0h 00' 55\" ",
    "second_name": "R. Poulidor",
    "second_country": "France",
    "second_id": null,
    "ahead_of_3rd": "0h 4' 44\"",
    "third_name": "F. Bahamontes",
    "third_country": "Espagne",
    "third_id": "federico-bahamontes",
    "legs": [

    ]
  },
  "1965": {
    "year": 1965,
    "edition": 52,
    "total_length": 4188,
    "nb_legs": 22,
    "has_prologue": false,
    "nb_concurrents": 130,
    "nb_finishers": 96,
    "pct_finishers": 74,
    "winner_first_name": "Felice",
    "winner_last_name": "Gimondi",
    "winner_id": "felice-gimondi",
    "winner_total_time": "116h 42' 06\"",
    "winner_age": "22",
    "winner_country": "Italie",
    "winner_avg_speed": "35,886",
    "ahead_of_2nd": "0h 02' 40\" ",
    "second_name": "R. Poulidor",
    "second_country": "France",
    "second_id": null,
    "ahead_of_3rd": "0h 09' 18\"",
    "third_name": "G. Motta",
    "third_country": "Italie",
    "third_id": null,
    "legs": [

    ]
  },
  "1966": {
    "year": 1966,
    "edition": 53,
    "total_length": 4329,
    "nb_legs": 22,
    "has_prologue": false,
    "nb_concurrents": 130,
    "nb_finishers": 82,
    "pct_finishers": 63,
    "winner_first_name": "Lucien",
    "winner_last_name": "Aimar",
    "winner_id": "lucien-aimar",
    "winner_total_time": "117h 34' 21\"",
    "winner_age": "25",
    "winner_country": "France",
    "winner_avg_speed": "36,760",
    "ahead_of_2nd": "0h 01' 07\" ",
    "second_name": "J. Janssen",
    "second_country": "Pays-Bas",
    "second_id": "jan-janssen",
    "ahead_of_3rd": "0h 02' 02\"",
    "third_name": "R. Poulidor",
    "third_country": "France",
    "third_id": null,
    "legs": [

    ]
  },
  "1967": {
    "year": 1967,
    "edition": 54,
    "total_length": 4779,
    "nb_legs": 22,
    "has_prologue": false,
    "nb_concurrents": 130,
    "nb_finishers": 88,
    "pct_finishers": 68,
    "winner_first_name": "Roger",
    "winner_last_name": "Pingeon",
    "winner_id": "roger-pingeon",
    "winner_total_time": "136h 53' 50\"",
    "winner_age": "26",
    "winner_country": "France",
    "winner_avg_speed": "34,756",
    "ahead_of_2nd": "0h 03' 40\" ",
    "second_name": "J. Jimenez",
    "second_country": "Espagne",
    "second_id": null,
    "ahead_of_3rd": "0h 07' 23\"",
    "third_name": "F. Balmanion",
    "third_country": "Italie",
    "third_id": null,
    "legs": [

    ]
  },
  "1968": {
    "year": 1968,
    "edition": 55,
    "total_length": 4492,
    "nb_legs": 22,
    "has_prologue": false,
    "nb_concurrents": 110,
    "nb_finishers": 63,
    "pct_finishers": 57,
    "winner_first_name": "Jan",
    "winner_last_name": "Janssen",
    "winner_id": "jan-janssen",
    "winner_total_time": "133h 49' 32\"",
    "winner_age": "28",
    "winner_country": "Pays-Bas",
    "winner_avg_speed": "33,556",
    "ahead_of_2nd": "0h 00' 38\" ",
    "second_name": "H. Van Springel",
    "second_country": "Belgique",
    "second_id": null,
    "ahead_of_3rd": "0h 03' 03\"",
    "third_name": "F. Bracke",
    "third_country": "Belgique",
    "third_id": null,
    "legs": [

    ]
  },
  "1969": {
    "year": 1969,
    "edition": 56,
    "total_length": 4117,
    "nb_legs": 22,
    "has_prologue": false,
    "nb_concurrents": 130,
    "nb_finishers": 86,
    "pct_finishers": 66,
    "winner_first_name": "Eddy",
    "winner_last_name": "Merckx",
    "winner_id": "eddy-merckx",
    "winner_total_time": "116h 16' 02\"",
    "winner_age": "24",
    "winner_country": "Belgique",
    "winner_avg_speed": "35,409",
    "ahead_of_2nd": "0h 17' 54\" ",
    "second_name": "R. Pingeon",
    "second_country": "France",
    "second_id": "roger-pingeon",
    "ahead_of_3rd": "0h 22' 13\"",
    "third_name": "R. Poulidor",
    "third_country": "France",
    "third_id": null,
    "legs": [

    ]
  },
  "1970": {
    "year": 1970,
    "edition": 57,
    "total_length": 4254,
    "nb_legs": 23,
    "has_prologue": false,
    "nb_concurrents": 150,
    "nb_finishers": 100,
    "pct_finishers": 67,
    "winner_first_name": "Eddy",
    "winner_last_name": "Merckx",
    "winner_id": "eddy-merckx",
    "winner_total_time": "119h 31' 49\"",
    "winner_age": "25",
    "winner_country": "Belgique",
    "winner_avg_speed": "35,589",
    "ahead_of_2nd": "0h 12' 41\" ",
    "second_name": "J. Zoetemelk",
    "second_country": "Pays-Bas",
    "second_id": "joop-zoetemelk",
    "ahead_of_3rd": "0h 15' 54\"",
    "third_name": "G. Pettersson",
    "third_country": "Suede",
    "third_id": null,
    "legs": [

    ]
  },
  "1971": {
    "year": 1971,
    "edition": 58,
    "total_length": 3608,
    "nb_legs": 20,
    "has_prologue": false,
    "nb_concurrents": 130,
    "nb_finishers": 94,
    "pct_finishers": 72,
    "winner_first_name": "Eddy",
    "winner_last_name": "Merckx",
    "winner_id": "eddy-merckx",
    "winner_total_time": "96h 45' 14\"",
    "winner_age": "26",
    "winner_country": "Belgique",
    "winner_avg_speed": "38,084",
    "ahead_of_2nd": "0h 09' 51\" ",
    "second_name": "J. Zoetemelk",
    "second_country": "Pays-Bas",
    "second_id": "joop-zoetemelk",
    "ahead_of_3rd": "0h 11' 06\"",
    "third_name": "L. Van Impe",
    "third_country": "Belgique",
    "third_id": "lucien-van-impe",
    "legs": [

    ]
  },
  "1972": {
    "year": 1972,
    "edition": 59,
    "total_length": 3846,
    "nb_legs": 20,
    "has_prologue": false,
    "nb_concurrents": 132,
    "nb_finishers": 88,
    "pct_finishers": 67,
    "winner_first_name": "Eddy",
    "winner_last_name": "Merckx",
    "winner_id": "eddy-merckx",
    "winner_total_time": "108h 17' 18\"",
    "winner_age": "27",
    "winner_country": "Belgique",
    "winner_avg_speed": "35,514",
    "ahead_of_2nd": "0h 10' 41\" ",
    "second_name": "F. Gimondi",
    "second_country": "Italie",
    "second_id": "felice-gimondi",
    "ahead_of_3rd": "0h 11' 34\"",
    "third_name": "R. Poulidor",
    "third_country": "France",
    "third_id": null,
    "legs": [

    ]
  },
  "1973": {
    "year": 1973,
    "edition": 60,
    "total_length": 4090,
    "nb_legs": 20,
    "has_prologue": false,
    "nb_concurrents": 132,
    "nb_finishers": 87,
    "pct_finishers": 66,
    "winner_first_name": "Luis",
    "winner_last_name": "Ocaña",
    "winner_id": "luis-ocana",
    "winner_total_time": "122h 25' 34\"",
    "winner_age": "28",
    "winner_country": "Espagne",
    "winner_avg_speed": "33,407",
    "ahead_of_2nd": "0h 15' 51\" ",
    "second_name": "B. Thévenet",
    "second_country": "France",
    "second_id": "bernard-thevenet",
    "ahead_of_3rd": "0h 17' 15\"",
    "third_name": "J-M. Fuente",
    "third_country": "Espagne",
    "third_id": null,
    "legs": [

    ]
  },
  "1974": {
    "year": 1974,
    "edition": 61,
    "total_length": 4098,
    "nb_legs": 22,
    "has_prologue": false,
    "nb_concurrents": 130,
    "nb_finishers": 105,
    "pct_finishers": 81,
    "winner_first_name": "Eddy",
    "winner_last_name": "Merckx",
    "winner_id": "eddy-merckx",
    "winner_total_time": "116h 16' 58\"",
    "winner_age": "29",
    "winner_country": "Belgique",
    "winner_avg_speed": "35,241",
    "ahead_of_2nd": "0h 08' 04\" ",
    "second_name": "R. Poulidor",
    "second_country": "France",
    "second_id": null,
    "ahead_of_3rd": "0h 8' 09\"",
    "third_name": "V. Lopez-Carril",
    "third_country": "Espagne",
    "third_id": null,
    "legs": [

    ]
  },
  "1975": {
    "year": 1975,
    "edition": 62,
    "total_length": 4000,
    "nb_legs": 22,
    "has_prologue": false,
    "nb_concurrents": 140,
    "nb_finishers": 86,
    "pct_finishers": 61,
    "winner_first_name": "Bernard",
    "winner_last_name": "Thévenet",
    "winner_id": "bernard-thevenet",
    "winner_total_time": "114h 35' 31\"",
    "winner_age": "27",
    "winner_country": "France",
    "winner_avg_speed": "34,906",
    "ahead_of_2nd": "0h 02' 47\" ",
    "second_name": "E. Merckx",
    "second_country": "Belgique",
    "second_id": "eddy-merckx",
    "ahead_of_3rd": "0h 05' 01\"",
    "third_name": "L. Van Impe",
    "third_country": "Belgique",
    "third_id": "lucien-van-impe",
    "legs": [

    ]
  },
  "1976": {
    "year": 1976,
    "edition": 63,
    "total_length": 4017,
    "nb_legs": 22,
    "has_prologue": false,
    "nb_concurrents": 130,
    "nb_finishers": 87,
    "pct_finishers": 67,
    "winner_first_name": "Lucien",
    "winner_last_name": "Van Impe",
    "winner_id": "lucien-van-impe",
    "winner_total_time": "116h 22' 23\"",
    "winner_age": "29",
    "winner_country": "Belgique",
    "winner_avg_speed": "34,518",
    "ahead_of_2nd": "0h 04' 14\" ",
    "second_name": "J. Zoetemelk",
    "second_country": "Pays-Bas",
    "second_id": "joop-zoetemelk",
    "ahead_of_3rd": "0h 12' 08\"",
    "third_name": "R. Poulidor",
    "third_country": "France",
    "third_id": null,
    "legs": [

    ]
  },
  "1977": {
    "year": 1977,
    "edition": 64,
    "total_length": 4096,
    "nb_legs": 22,
    "has_prologue": false,
    "nb_concurrents": 100,
    "nb_finishers": 53,
    "pct_finishers": 53,
    "winner_first_name": "Bernard",
    "winner_last_name": "Thévenet",
    "winner_id": "bernard-thevenet",
    "winner_total_time": "115h 38' 30\"",
    "winner_age": "29",
    "winner_country": "France",
    "winner_avg_speed": "35,419",
    "ahead_of_2nd": "0h 00' 48\" ",
    "second_name": "H. Kuiper",
    "second_country": "Pays-Bas",
    "second_id": null,
    "ahead_of_3rd": "0h 03' 32\"",
    "third_name": "L. Van Impe",
    "third_country": "Belgique",
    "third_id": "lucien-van-impe",
    "legs": [

    ]
  },
  "1978": {
    "year": 1978,
    "edition": 65,
    "total_length": 3908,
    "nb_legs": 22,
    "has_prologue": false,
    "nb_concurrents": 110,
    "nb_finishers": 78,
    "pct_finishers": 71,
    "winner_first_name": "Bernard",
    "winner_last_name": "Hinault",
    "winner_id": "bernard-hinault",
    "winner_total_time": "108h 18' 00\"",
    "winner_age": "23",
    "winner_country": "France",
    "winner_avg_speed": "36,084",
    "ahead_of_2nd": "0h 03' 56\" ",
    "second_name": "J. Zoetemelk",
    "second_country": "Pays-Bas",
    "second_id": "joop-zoetemelk",
    "ahead_of_3rd": "0h 06' 54\"",
    "third_name": "J. Agosthino",
    "third_country": "Portugal",
    "third_id": null,
    "legs": [

    ]
  },
  "1979": {
    "year": 1979,
    "edition": 66,
    "total_length": 3765,
    "nb_legs": 24,
    "has_prologue": false,
    "nb_concurrents": 150,
    "nb_finishers": 90,
    "pct_finishers": 60,
    "winner_first_name": "Bernard",
    "winner_last_name": "Hinault",
    "winner_id": "bernard-hinault",
    "winner_total_time": "103h 06' 50\"",
    "winner_age": "24",
    "winner_country": "France",
    "winner_avg_speed": "36,513",
    "ahead_of_2nd": "0h 06' 50\" ",
    "second_name": "J. Zoetemelk",
    "second_country": "Pays-Bas",
    "second_id": "joop-zoetemelk",
    "ahead_of_3rd": "0h 26' 53\"",
    "third_name": "J. Agosthino",
    "third_country": "Portugal",
    "third_id": null,
    "legs": [

    ]
  },
  "1980": {
    "year": 1980,
    "edition": 67,
    "total_length": 3842,
    "nb_legs": 22,
    "has_prologue": false,
    "nb_concurrents": 130,
    "nb_finishers": 85,
    "pct_finishers": 65,
    "winner_first_name": "Joop",
    "winner_last_name": "Zoetemelk",
    "winner_id": "joop-zoetemelk",
    "winner_total_time": "109h 19' 14\"",
    "winner_age": "33",
    "winner_country": "Pays-Bas",
    "winner_avg_speed": "35,144",
    "ahead_of_2nd": "0h 06' 55\" ",
    "second_name": "H. Kuiper",
    "second_country": "Belgique",
    "second_id": null,
    "ahead_of_3rd": "0h 07' 56\"",
    "third_name": "R. Martin",
    "third_country": "France",
    "third_id": null,
    "legs": [

    ]
  },
  "1981": {
    "year": 1981,
    "edition": 68,
    "total_length": 3753,
    "nb_legs": 24,
    "has_prologue": false,
    "nb_concurrents": 150,
    "nb_finishers": 121,
    "pct_finishers": 81,
    "winner_first_name": "Bernard",
    "winner_last_name": "Hinault",
    "winner_id": "bernard-hinault",
    "winner_total_time": "96h 19' 38\"",
    "winner_age": "26",
    "winner_country": "France",
    "winner_avg_speed": "38,960",
    "ahead_of_2nd": "0h 14' 34\" ",
    "second_name": "L. Van Impe",
    "second_country": "Belgique",
    "second_id": "lucien-van-impe",
    "ahead_of_3rd": "0h 17' 04\"",
    "third_name": "R. Alban",
    "third_country": "France",
    "third_id": null,
    "legs": [

    ]
  },
  "1982": {
    "year": 1982,
    "edition": 69,
    "total_length": 3507,
    "nb_legs": 21,
    "has_prologue": false,
    "nb_concurrents": 169,
    "nb_finishers": 125,
    "pct_finishers": 74,
    "winner_first_name": "Bernard",
    "winner_last_name": "Hinault",
    "winner_id": "bernard-hinault",
    "winner_total_time": "92h 08' 46\"",
    "winner_age": "27",
    "winner_country": "France",
    "winner_avg_speed": "38,059",
    "ahead_of_2nd": "0h 06' 21\" ",
    "second_name": "J. Zoetemelk",
    "second_country": "Pays-Bas",
    "second_id": "joop-zoetemelk",
    "ahead_of_3rd": "0h 8' 59\"",
    "third_name": "J. Van Der Velde",
    "third_country": "Pays-Bas",
    "third_id": null,
    "legs": [

    ]
  },
  "1983": {
    "year": 1983,
    "edition": 70,
    "total_length": 3809,
    "nb_legs": 22,
    "has_prologue": false,
    "nb_concurrents": 140,
    "nb_finishers": 88,
    "pct_finishers": 63,
    "winner_first_name": "Laurent",
    "winner_last_name": "Fignon",
    "winner_id": "laurent-fignon",
    "winner_total_time": "105h 07' 52\"",
    "winner_age": "22",
    "winner_country": "France",
    "winner_avg_speed": "36,230",
    "ahead_of_2nd": "0h 04' 04\" ",
    "second_name": "A. Arroyo",
    "second_country": "Espagne",
    "second_id": null,
    "ahead_of_3rd": "0h 04' 09\"",
    "third_name": "P. Winnen",
    "third_country": "Pays-Bas",
    "third_id": null,
    "legs": [

    ]
  },
  "1984": {
    "year": 1984,
    "edition": 71,
    "total_length": 4021,
    "nb_legs": 23,
    "has_prologue": false,
    "nb_concurrents": 170,
    "nb_finishers": 124,
    "pct_finishers": 73,
    "winner_first_name": "Laurent",
    "winner_last_name": "Fignon",
    "winner_id": "laurent-fignon",
    "winner_total_time": "112h 03' 40\"",
    "winner_age": "23",
    "winner_country": "France",
    "winner_avg_speed": "35,882",
    "ahead_of_2nd": "0h 10' 32\" ",
    "second_name": "B. Hinault",
    "second_country": "France",
    "second_id": "bernard-hinault",
    "ahead_of_3rd": "0h 11' 46\"",
    "third_name": "G. Lemond",
    "third_country": "États-Unis",
    "third_id": "greg-lemond",
    "legs": [

    ]
  },
  "1985": {
    "year": 1985,
    "edition": 72,
    "total_length": 4109,
    "nb_legs": 22,
    "has_prologue": false,
    "nb_concurrents": 180,
    "nb_finishers": 144,
    "pct_finishers": 80,
    "winner_first_name": "Bernard",
    "winner_last_name": "Hinault",
    "winner_id": "bernard-hinault",
    "winner_total_time": "113h 24' 23\"",
    "winner_age": "30",
    "winner_country": "France",
    "winner_avg_speed": "36,232",
    "ahead_of_2nd": "0h 01' 42\" ",
    "second_name": "G. Lemond",
    "second_country": "États-Unis",
    "second_id": "greg-lemond",
    "ahead_of_3rd": "0h 04' 29\"",
    "third_name": "S. Roche",
    "third_country": "Irlande",
    "third_id": "stephen-roche",
    "legs": [

    ]
  },
  "1986": {
    "year": 1986,
    "edition": 73,
    "total_length": 4094,
    "nb_legs": 23,
    "has_prologue": false,
    "nb_concurrents": 210,
    "nb_finishers": 132,
    "pct_finishers": 63,
    "winner_first_name": "Greg",
    "winner_last_name": "LeMond",
    "winner_id": "greg-lemond",
    "winner_total_time": "110h 35' 19\"",
    "winner_age": "24",
    "winner_country": "États-Unis",
    "winner_avg_speed": "37,020",
    "ahead_of_2nd": "0h 03' 10\" ",
    "second_name": "B. Hinault",
    "second_country": "France",
    "second_id": "bernard-hinault",
    "ahead_of_3rd": "0h 10' 54\"",
    "third_name": "U. Zimmermann",
    "third_country": "Suisse",
    "third_id": null,
    "legs": [

    ]
  },
  "1987": {
    "year": 1987,
    "edition": 74,
    "total_length": 4231,
    "nb_legs": 25,
    "has_prologue": false,
    "nb_concurrents": 207,
    "nb_finishers": 135,
    "pct_finishers": 65,
    "winner_first_name": "Stephen",
    "winner_last_name": "Roche",
    "winner_id": "stephen-roche",
    "winner_total_time": "115h 27' 42\"",
    "winner_age": "27",
    "winner_country": "Irlande",
    "winner_avg_speed": "36,645",
    "ahead_of_2nd": "0h 00' 40\" ",
    "second_name": "P. Delgado",
    "second_country": "Espagne",
    "second_id": "pedro-delgado",
    "ahead_of_3rd": "0h 02' 13\"",
    "third_name": "J-F. Bernard",
    "third_country": "France",
    "third_id": null,
    "legs": [

    ]
  },
  "1988": {
    "year": 1988,
    "edition": 75,
    "total_length": 3286,
    "nb_legs": 22,
    "has_prologue": false,
    "nb_concurrents": 198,
    "nb_finishers": 151,
    "pct_finishers": 76,
    "winner_first_name": "Pedro",
    "winner_last_name": "Delgado",
    "winner_id": "pedro-delgado",
    "winner_total_time": "84h 27' 53\"",
    "winner_age": "28",
    "winner_country": "Espagne",
    "winner_avg_speed": "38,909",
    "ahead_of_2nd": "0h 07' 13\" ",
    "second_name": "S. Rooks",
    "second_country": "Pays-Bas",
    "second_id": null,
    "ahead_of_3rd": "0h 09' 58\"",
    "third_name": "F. Parra",
    "third_country": "Colombie",
    "third_id": null,
    "legs": [

    ]
  },
  "1989": {
    "year": 1989,
    "edition": 76,
    "total_length": 3285,
    "nb_legs": 21,
    "has_prologue": false,
    "nb_concurrents": 198,
    "nb_finishers": 138,
    "pct_finishers": 70,
    "winner_first_name": "Greg",
    "winner_last_name": "LeMond",
    "winner_id": "greg-lemond",
    "winner_total_time": "87h 38' 35\"",
    "winner_age": "27",
    "winner_country": "États-Unis",
    "winner_avg_speed": "37,487",
    "ahead_of_2nd": "0h 00' 08\" ",
    "second_name": "L. Fignon",
    "second_country": "France",
    "second_id": "laurent-fignon",
    "ahead_of_3rd": "0h 03' 34\"",
    "third_name": "P. Delgado",
    "third_country": "Espagne",
    "third_id": "pedro-delgado",
    "legs": [

    ]
  },
  "1990": {
    "year": 1990,
    "edition": 77,
    "total_length": 3504,
    "nb_legs": 21,
    "has_prologue": false,
    "nb_concurrents": 198,
    "nb_finishers": 156,
    "pct_finishers": 79,
    "winner_first_name": "Greg",
    "winner_last_name": "LeMond",
    "winner_id": "greg-lemond",
    "winner_total_time": "90h 43' 20\"",
    "winner_age": "28",
    "winner_country": "États-Unis",
    "winner_avg_speed": "38,621",
    "ahead_of_2nd": "0h 02' 16\" ",
    "second_name": "C. Chiappucci",
    "second_country": "Italie",
    "second_id": null,
    "ahead_of_3rd": "0h 02' 29\"",
    "third_name": "E. Breukink",
    "third_country": "Pays-Bas",
    "third_id": null,
    "legs": [

    ]
  },
  "1991": {
    "year": 1991,
    "edition": 78,
    "total_length": 3914,
    "nb_legs": 22,
    "has_prologue": false,
    "nb_concurrents": 198,
    "nb_finishers": 158,
    "pct_finishers": 80,
    "winner_first_name": "Miguel",
    "winner_last_name": "Indurain",
    "winner_id": "miguel-indurain",
    "winner_total_time": "101h 01' 20\"",
    "winner_age": "27",
    "winner_country": "Espagne",
    "winner_avg_speed": "38,747",
    "ahead_of_2nd": "0h 03' 36\" ",
    "second_name": "G. Bugno",
    "second_country": "Italie",
    "second_id": null,
    "ahead_of_3rd": "0h 05' 56\"",
    "third_name": "C. Chiappucci",
    "third_country": "Italie",
    "third_id": null,
    "legs": [

    ]
  },
  "1992": {
    "year": 1992,
    "edition": 79,
    "total_length": 3983,
    "nb_legs": 21,
    "has_prologue": false,
    "nb_concurrents": 198,
    "nb_finishers": 130,
    "pct_finishers": 66,
    "winner_first_name": "Miguel",
    "winner_last_name": "Indurain",
    "winner_id": "miguel-indurain",
    "winner_total_time": "100h 49' 30\"",
    "winner_age": "28",
    "winner_country": "Espagne",
    "winner_avg_speed": "39,504",
    "ahead_of_2nd": "0h 04' 35\" ",
    "second_name": "C. Chiappucci",
    "second_country": "Italie",
    "second_id": null,
    "ahead_of_3rd": "0h 10' 49\"",
    "third_name": "G. Bugno",
    "third_country": "Italie",
    "third_id": null,
    "legs": [

    ]
  },
  "1993": {
    "year": 1993,
    "edition": 80,
    "total_length": 3714,
    "nb_legs": 20,
    "has_prologue": false,
    "nb_concurrents": 180,
    "nb_finishers": 136,
    "pct_finishers": 76,
    "winner_first_name": "Miguel",
    "winner_last_name": "Indurain",
    "winner_id": "miguel-indurain",
    "winner_total_time": "95h 57' 09\"",
    "winner_age": "29",
    "winner_country": "Espagne",
    "winner_avg_speed": "38,709",
    "ahead_of_2nd": "0h 04' 59\" ",
    "second_name": "T. Rominger",
    "second_country": "Suisse",
    "second_id": null,
    "ahead_of_3rd": "0h 05' 48\"",
    "third_name": "Z. Jaskula",
    "third_country": "Pologne",
    "third_id": null,
    "legs": [

    ]
  },
  "1994": {
    "year": 1994,
    "edition": 81,
    "total_length": 3978,
    "nb_legs": 21,
    "has_prologue": false,
    "nb_concurrents": 189,
    "nb_finishers": 117,
    "pct_finishers": 62,
    "winner_first_name": "Miguel",
    "winner_last_name": "Indurain",
    "winner_id": "miguel-indurain",
    "winner_total_time": "103h 38' 38\"",
    "winner_age": "30",
    "winner_country": "Espagne",
    "winner_avg_speed": "38,383",
    "ahead_of_2nd": "0h 05' 39\" ",
    "second_name": "P. Ugrumov",
    "second_country": "Lettonie",
    "second_id": null,
    "ahead_of_3rd": "0h 07' 19\"",
    "third_name": "M. Pantani",
    "third_country": "Italie",
    "third_id": "marco-pantani",
    "legs": [

    ]
  },
  "1995": {
    "year": 1995,
    "edition": 82,
    "total_length": 3635,
    "nb_legs": 20,
    "has_prologue": false,
    "nb_concurrents": 189,
    "nb_finishers": 115,
    "pct_finishers": 61,
    "winner_first_name": "Miguel",
    "winner_last_name": "Indurain",
    "winner_id": "miguel-indurain",
    "winner_total_time": "92h 44' 59\"",
    "winner_age": "31",
    "winner_country": "Espagne",
    "winner_avg_speed": "39,193",
    "ahead_of_2nd": "0h 04' 35\" ",
    "second_name": "A. Zulle",
    "second_country": "Suisse",
    "second_id": null,
    "ahead_of_3rd": "0h 06' 47\"",
    "third_name": "B. Rijs",
    "third_country": "Danemark",
    "third_id": null,
    "legs": [

    ]
  },
  "1996": {
    "year": 1996,
    "edition": 83,
    "total_length": 3765,
    "nb_legs": 21,
    "has_prologue": false,
    "nb_concurrents": 198,
    "nb_finishers": 129,
    "pct_finishers": 65,
    "winner_first_name": "Bjarne",
    "winner_last_name": "Riis",
    "winner_id": "bjarne-riis",
    "winner_total_time": "95h 57' 16\"",
    "winner_age": "32",
    "winner_country": "Danemark",
    "winner_avg_speed": "39,227",
    "ahead_of_2nd": "0h 01' 41\" ",
    "second_name": "J. Ullrich",
    "second_country": "Allemagne",
    "second_id": "jan-ullrich",
    "ahead_of_3rd": "0h 04' 37\"",
    "third_name": "R. Virenque",
    "third_country": "France",
    "third_id": null,
    "legs": [

    ]
  },
  "1997": {
    "year": 1997,
    "edition": 84,
    "total_length": 3950,
    "nb_legs": 21,
    "has_prologue": false,
    "nb_concurrents": 198,
    "nb_finishers": 139,
    "pct_finishers": 70,
    "winner_first_name": "Jan",
    "winner_last_name": "Ullrich",
    "winner_id": "jan-ullrich",
    "winner_total_time": "100h 30' 35\"",
    "winner_age": "23",
    "winner_country": "Allemagne",
    "winner_avg_speed": "39,237",
    "ahead_of_2nd": "0h 09' 09\" ",
    "second_name": "R. Virenque",
    "second_country": "France",
    "second_id": null,
    "ahead_of_3rd": "0h 14' 03\"",
    "third_name": "M. Pantani",
    "third_country": "Italie",
    "third_id": "marco-pantani",
    "legs": [

    ]
  },
  "1998": {
    "year": 1998,
    "edition": 85,
    "total_length": 3875,
    "nb_legs": 21,
    "has_prologue": false,
    "nb_concurrents": 189,
    "nb_finishers": 96,
    "pct_finishers": 51,
    "winner_first_name": "Marco",
    "winner_last_name": "Pantani",
    "winner_id": "marco-pantani",
    "winner_total_time": "92h 49' 46\"",
    "winner_age": "28",
    "winner_country": "Italie",
    "winner_avg_speed": "39,983",
    "ahead_of_2nd": "0h 03' 21\" ",
    "second_name": "J. Ullrich",
    "second_country": "Allemagne",
    "second_id": "jan-ullrich",
    "ahead_of_3rd": "0h 04' 08\"",
    "third_name": "B. Julich",
    "third_country": "États-Unis",
    "third_id": null,
    "legs": [

    ]
  },
  "1999": {
    "year": 1999,
    "edition": 86,
    "total_length": 3870,
    "nb_legs": 20,
    "has_prologue": false,
    "nb_concurrents": 180,
    "nb_finishers": 141,
    "pct_finishers": 78,
    "winner_first_name": "n.a.",
    "winner_last_name": "n.a.",
    "winner_id": "n.a.",
    "winner_total_time": "91h 32' 16\"",
    "winner_age": null,
    "winner_country": "n.a.",
    "winner_avg_speed": "40,276",
    "ahead_of_2nd": "0h 07' 37\" ",
    "second_name": "A. Zulle",
    "second_country": "Suisse",
    "second_id": null,
    "ahead_of_3rd": "0h 10' 26\"",
    "third_name": "F. Escartin",
    "third_country": "Espagne",
    "third_id": null,
    "legs": [

    ]
  },
  "2000": {
    "year": 2000,
    "edition": 87,
    "total_length": 3662,
    "nb_legs": 21,
    "has_prologue": false,
    "nb_concurrents": 177,
    "nb_finishers": 128,
    "pct_finishers": 72,
    "winner_first_name": "n.a.",
    "winner_last_name": "n.a.",
    "winner_id": "n.a.",
    "winner_total_time": "92h 33' 08''",
    "winner_age": null,
    "winner_country": "n.a.",
    "winner_avg_speed": "39,569",
    "ahead_of_2nd": "0h 06' 02\" ",
    "second_name": "J. Ullrich",
    "second_country": "Allemagne",
    "second_id": "jan-ullrich",
    "ahead_of_3rd": "0h 10' 26\"",
    "third_name": "J. Beloki",
    "third_country": "Espagne",
    "third_id": null,
    "legs": [

    ]
  },
  "2001": {
    "year": 2001,
    "edition": 88,
    "total_length": 3458,
    "nb_legs": 20,
    "has_prologue": false,
    "nb_concurrents": 189,
    "nb_finishers": 144,
    "pct_finishers": 76,
    "winner_first_name": "n.a.",
    "winner_last_name": "n.a.",
    "winner_id": "n.a.",
    "winner_total_time": "86h 17' 28''",
    "winner_age": null,
    "winner_country": "n.a.",
    "winner_avg_speed": "40,070",
    "ahead_of_2nd": "0h 06' 44\" ",
    "second_name": "J. Ullrich",
    "second_country": "Allemagne",
    "second_id": "jan-ullrich",
    "ahead_of_3rd": "0h 09' 05\"",
    "third_name": "J. Beloki",
    "third_country": "Espagne",
    "third_id": null,
    "legs": [

    ]
  },
  "2002": {
    "year": 2002,
    "edition": 89,
    "total_length": 3278,
    "nb_legs": 20,
    "has_prologue": false,
    "nb_concurrents": 189,
    "nb_finishers": 153,
    "pct_finishers": 81,
    "winner_first_name": "n.a.",
    "winner_last_name": "n.a.",
    "winner_id": "n.a.",
    "winner_total_time": "82h 05' 12\"",
    "winner_age": null,
    "winner_country": "n.a.",
    "winner_avg_speed": "39,920",
    "ahead_of_2nd": "0h 07' 17\" ",
    "second_name": "J. Beloki",
    "second_country": "Espagne",
    "second_id": null,
    "ahead_of_3rd": "0h 08' 17\"",
    "third_name": "R. Rumsas",
    "third_country": "Lituanie",
    "third_id": null,
    "legs": [

    ]
  },
  "2003": {
    "year": 2003,
    "edition": 90,
    "total_length": 3427,
    "nb_legs": 20,
    "has_prologue": false,
    "nb_concurrents": 198,
    "nb_finishers": 147,
    "pct_finishers": 74,
    "winner_first_name": "n.a.",
    "winner_last_name": "n.a.",
    "winner_id": "n.a.",
    "winner_total_time": "83h 41' 12\"",
    "winner_age": null,
    "winner_country": "n.a.",
    "winner_avg_speed": "40,940",
    "ahead_of_2nd": "0h 01' 01\" ",
    "second_name": "J. Ullrich",
    "second_country": "Allemagne",
    "second_id": "jan-ullrich",
    "ahead_of_3rd": "0h 04' 14\"",
    "third_name": "A. Vinokourov",
    "third_country": "Kazakhstan",
    "third_id": null,
    "legs": [

    ]
  },
  "2004": {
    "year": 2004,
    "edition": 91,
    "total_length": 3391,
    "nb_legs": 20,
    "has_prologue": false,
    "nb_concurrents": 188,
    "nb_finishers": 147,
    "pct_finishers": 78,
    "winner_first_name": "n.a.",
    "winner_last_name": "n.a.",
    "winner_id": "n.a.",
    "winner_total_time": "83h 36' 02\"",
    "winner_age": null,
    "winner_country": "n.a.",
    "winner_avg_speed": "40,553",
    "ahead_of_2nd": "0h 06' 19\" ",
    "second_name": "A. Kloden",
    "second_country": "Allemagne",
    "second_id": null,
    "ahead_of_3rd": "0h 06' 40\"",
    "third_name": "I. Basso",
    "third_country": "Italie",
    "third_id": null,
    "legs": [

    ]
  },
  "2005": {
    "year": 2005,
    "edition": 92,
    "total_length": 3593,
    "nb_legs": 21,
    "has_prologue": false,
    "nb_concurrents": 189,
    "nb_finishers": 155,
    "pct_finishers": 82,
    "winner_first_name": "n.a.",
    "winner_last_name": "n.a.",
    "winner_id": "n.a.",
    "winner_total_time": "86h 15' 02\"",
    "winner_age": null,
    "winner_country": "n.a.",
    "winner_avg_speed": "41,654",
    "ahead_of_2nd": "0h 04' 40\" ",
    "second_name": "I. Basso",
    "second_country": "Italie",
    "second_id": null,
    "ahead_of_3rd": "0h 06' 21\"",
    "third_name": "J. Ullrich",
    "third_country": "Allemagne",
    "third_id": "jan-ullrich",
    "legs": [

    ]
  },
  "2006": {
    "year": 2006,
    "edition": 93,
    "total_length": 3657,
    "nb_legs": 21,
    "has_prologue": false,
    "nb_concurrents": 176,
    "nb_finishers": 139,
    "pct_finishers": 79,
    "winner_first_name": "Óscar",
    "winner_last_name": "Pereiro",
    "winner_id": "oscar-pereiro",
    "winner_total_time": "89h 39' 30\"",
    "winner_age": "28",
    "winner_country": "Espagne",
    "winner_avg_speed": "40,784",
    "ahead_of_2nd": "0h 00' 32\" ",
    "second_name": "A. Kloden",
    "second_country": "Allemagne",
    "second_id": null,
    "ahead_of_3rd": "0h 02' 16\"",
    "third_name": "C. Sastre",
    "third_country": "Espagne",
    "third_id": "carlos-sastre",
    "legs": [

    ]
  },
  "2007": {
    "year": 2007,
    "edition": 94,
    "total_length": 3570,
    "nb_legs": 21,
    "has_prologue": false,
    "nb_concurrents": 189,
    "nb_finishers": 141,
    "pct_finishers": 75,
    "winner_first_name": "Alberto",
    "winner_last_name": "Contador",
    "winner_id": "alberto-contador",
    "winner_total_time": "91h 00' 26\"",
    "winner_age": "24",
    "winner_country": "Espagne",
    "winner_avg_speed": "39,228",
    "ahead_of_2nd": "0h 00' 23\" ",
    "second_name": "C. Evans",
    "second_country": "Australie",
    "second_id": "cadel-evans",
    "ahead_of_3rd": "0h 00' 31\"",
    "third_name": "L. Leipheimer",
    "third_country": "États-Unis",
    "third_id": null,
    "legs": [

    ]
  },
  "2008": {
    "year": 2008,
    "edition": 95,
    "total_length": 3559,
    "nb_legs": 21,
    "has_prologue": false,
    "nb_concurrents": 180,
    "nb_finishers": 145,
    "pct_finishers": 81,
    "winner_first_name": "Carlos",
    "winner_last_name": "Sastre",
    "winner_id": "carlos-sastre",
    "winner_total_time": "87h 52' 52''",
    "winner_age": "33",
    "winner_country": "Espagne",
    "winner_avg_speed": "40,492",
    "ahead_of_2nd": "0h 00' 58\" ",
    "second_name": "C. Evans",
    "second_country": "Australie",
    "second_id": "cadel-evans",
    "ahead_of_3rd": "0h 02' 10\"",
    "third_name": "D. Menchov",
    "third_country": "Russie",
    "third_id": null,
    "legs": [

    ]
  },
  "2009": {
    "year": 2009,
    "edition": 96,
    "total_length": 3459,
    "nb_legs": 21,
    "has_prologue": false,
    "nb_concurrents": 180,
    "nb_finishers": 156,
    "pct_finishers": 87,
    "winner_first_name": "Alberto",
    "winner_last_name": "Contador",
    "winner_id": "alberto-contador",
    "winner_total_time": "85h 48' 35\"",
    "winner_age": "26",
    "winner_country": "Espagne",
    "winner_avg_speed": "40,315",
    "ahead_of_2nd": "0h 04' 11\" ",
    "second_name": "A. Schleck",
    "second_country": "Luxembourg",
    "second_id": "andy-schleck",
    "ahead_of_3rd": "0h 05' 24\"",
    "third_name": "L. Armstrong",
    "third_country": "États-Unis",
    "third_id": null,
    "legs": [

    ]
  },
  "2010": {
    "year": 2010,
    "edition": 97,
    "total_length": 3642,
    "nb_legs": 20,
    "has_prologue": false,
    "nb_concurrents": 198,
    "nb_finishers": 170,
    "pct_finishers": 86,
    "winner_first_name": "Andy",
    "winner_last_name": "Schleck",
    "winner_id": "andy-schleck",
    "winner_total_time": "91h 58' 48\"",
    "winner_age": "25",
    "winner_country": "Luxembourg",
    "winner_avg_speed": "39,594",
    "ahead_of_2nd": "0h 01' 22\" ",
    "second_name": "D. Menchov",
    "second_country": "Russie",
    "second_id": null,
    "ahead_of_3rd": "0h 03' 01\"",
    "third_name": "S. Sanchez",
    "third_country": "Espagne",
    "third_id": null,
    "legs": [

    ]
  },
  "2011": {
    "year": 2011,
    "edition": 98,
    "total_length": 3430,
    "nb_legs": 21,
    "has_prologue": false,
    "nb_concurrents": 198,
    "nb_finishers": 167,
    "pct_finishers": 84,
    "winner_first_name": "Cadel",
    "winner_last_name": "Evans",
    "winner_id": "cadel-evans",
    "winner_total_time": "86h 12' 22\"",
    "winner_age": "34",
    "winner_country": "Australie",
    "winner_avg_speed": "39,788",
    "ahead_of_2nd": "0h 01' 34\" ",
    "second_name": "A. Schleck",
    "second_country": "Luxembourg",
    "second_id": "andy-schleck",
    "ahead_of_3rd": "0h 02' 30\"",
    "third_name": "F. Schleck",
    "third_country": "Luxembourg",
    "third_id": null,
    "legs": [

    ]
  },
  "2012": {
    "year": 2012,
    "edition": 99,
    "total_length": 3497,
    "nb_legs": 20,
    "has_prologue": false,
    "nb_concurrents": 198,
    "nb_finishers": 153,
    "pct_finishers": 77,
    "winner_first_name": "Bradley",
    "winner_last_name": "Wiggins",
    "winner_id": "bradley-wiggins",
    "winner_total_time": "87h 34' 47''",
    "winner_age": "32",
    "winner_country": "Royaume-Uni",
    "winner_avg_speed": "39,724",
    "ahead_of_2nd": "0h 03' 21\" ",
    "second_name": "C. Froome",
    "second_country": "Royaume-Uni",
    "second_id": null,
    "ahead_of_3rd": "0h 06' 19''",
    "third_name": "V. Nibali",
    "third_country": "Italie",
    "third_id": null,
    "legs": [

    ]
  },
  "2013": {
    "year": 2013,
    "edition": 100,
    "total_length": 3360,
    "nb_legs": 21,
    "has_prologue": false,
    "nb_concurrents": 198,
    "nb_finishers": 169,
    "pct_finishers": 85,
    "winner_first_name": "Christopher",
    "winner_last_name": "Froome",
    "winner_id": "christopher-froome",
    "winner_total_time": "83h 56' 40''",
    "winner_age": "28",
    "winner_country": "Royaume-Uni",
    "winner_avg_speed": "40,542",
    "ahead_of_2nd": "0h 04' 20\" ",
    "second_name": "N. A. Quintana Rojas",
    "second_country": "Colombie",
    "second_id": null,
    "ahead_of_3rd": "0h 00' 44'",
    "third_name": "J. Rodriguez Oliver",
    "third_country": "Espagne",
    "third_id": null,
    "legs": [

    ]
  },
  "2014": {
    "year": 2014,
    "edition": 101,
    "total_length": 3664,
    "nb_legs": 21,
    "has_prologue": false,
    "nb_concurrents": 198,
    "nb_finishers": 0,
    "pct_finishers": 0,
    "winner_first_name": "n.a.",
    "winner_last_name": "n.a.",
    "winner_id": "n.a.",
    "winner_total_time": "n.a.",
    "winner_age": "n.a.",
    "winner_country": "n.a.",
    "winner_avg_speed": "n.a.",
    "ahead_of_2nd": null,
    "second_name": null,
    "second_country": null,
    "second_id": null,
    "ahead_of_3rd": null,
    "third_name": null,
    "third_country": null,
    "third_id": null,
    "legs": [

    ]
  }
}