{
  "alberto-contador": {
    "id": "alberto-contador",
    "first_name": "Alberto",
    "last_name": "Contador",
    "country": "Espagne",
    "years": {
      "2005": {
        "position": "31",
        "nb_wins": 0
      },
      "2006": {
        "position": "Non partant",
        "nb_wins": 0
      },
      "2007": {
        "position": "1",
        "nb_wins": 1
      },
      "2008": {
        "position": "Non partant",
        "nb_wins": 0
      },
      "2009": {
        "position": "1",
        "nb_wins": 3
      },
      "2010": {
        "position": "Déclassé",
        "nb_wins": 0
      },
      "2011": {
        "position": "Déclassé",
        "nb_wins": 0
      },
      "2012": {
        "position": "Non partant",
        "nb_wins": 0
      },
      "2013": {
        "position": "4",
        "nb_wins": 0
      }
    },
    "wins": [
      2007,
      2009
    ],
    "wins_age": [
      "24",
      "26"
    ],
    "birthdate": "06/12/1982",
    "birthyear": 1982,
    "deathdate": null,
    "bio": null,
    "period": [
      2005,
      2013
    ]
  },
  "andre-leducq": {
    "id": "andre-leducq",
    "first_name": "André",
    "last_name": "Leducq",
    "country": "France",
    "years": {
      "1927": {
        "position": "4",
        "nb_wins": 3
      },
      "1928": {
        "position": "2",
        "nb_wins": 4
      },
      "1929": {
        "position": "11",
        "nb_wins": 5
      },
      "1930": {
        "position": "1",
        "nb_wins": 2
      },
      "1931": {
        "position": "10",
        "nb_wins": 1
      },
      "1932": {
        "position": "1",
        "nb_wins": 6
      },
      "1933": {
        "position": "31",
        "nb_wins": 2
      },
      "1934": {
        "position": "Non partant",
        "nb_wins": 0
      },
      "1935": {
        "position": "17",
        "nb_wins": 1
      },
      "1936": {
        "position": "Non partant",
        "nb_wins": 0
      },
      "1937": {
        "position": "Non partant",
        "nb_wins": 0
      },
      "1938": {
        "position": "30",
        "nb_wins": 1
      }
    },
    "wins": [
      1930,
      1932
    ],
    "wins_age": [
      "26",
      "28"
    ],
    "birthdate": "27/02/1904",
    "birthyear": 1904,
    "deathdate": "18/06/1980",
    "deathyear": 1980,
    "bio": null,
    "period": [
      1927,
      1938
    ]
  },
  "andy-schleck": {
    "id": "andy-schleck",
    "first_name": "Andy",
    "last_name": "Schleck",
    "country": "Luxembourg",
    "years": {
      "2008": {
        "position": "11",
        "nb_wins": 0
      },
      "2009": {
        "position": "2",
        "nb_wins": 0
      },
      "2010": {
        "position": "1",
        "nb_wins": 2
      },
      "2011": {
        "position": "2",
        "nb_wins": 1
      },
      "2012": {
        "position": "Non partant",
        "nb_wins": 0
      },
      "2013": {
        "position": "20",
        "nb_wins": 0
      }
    },
    "wins": [
      2010
    ],
    "wins_age": [
      "25"
    ],
    "birthdate": "10/06/1985",
    "birthyear": 1985,
    "deathdate": null,
    "bio": "Le Tour qu'il remporte, en 2010, avait initialement été gagné par Alberto Contador, déclassé pour dopage.",
    "period": [
      2008,
      2013
    ]
  },
  "antonin-magne": {
    "id": "antonin-magne",
    "first_name": "Antonin",
    "last_name": "Magne",
    "country": "France",
    "years": {
      "1927": {
        "position": "6",
        "nb_wins": 1
      },
      "1928": {
        "position": "6",
        "nb_wins": 2
      },
      "1929": {
        "position": "7",
        "nb_wins": 0
      },
      "1930": {
        "position": "3",
        "nb_wins": 1
      },
      "1931": {
        "position": "1",
        "nb_wins": 1
      },
      "1932": {
        "position": "Non partant",
        "nb_wins": 0
      },
      "1933": {
        "position": "8",
        "nb_wins": 0
      },
      "1934": {
        "position": "1",
        "nb_wins": 2
      },
      "1935": {
        "position": "Abandon",
        "nb_wins": 0
      },
      "1936": {
        "position": "2",
        "nb_wins": 1
      },
      "1937": {
        "position": "Non partant",
        "nb_wins": 0
      },
      "1938": {
        "position": "8",
        "nb_wins": 2
      }
    },
    "wins": [
      1931,
      1934
    ],
    "wins_age": [
      "27",
      "30"
    ],
    "birthdate": "16/02/1904",
    "birthyear": 1904,
    "deathdate": "08/09/1983",
    "deathyear": 1983,
    "bio": "Le premier vainqueur d'une étape en contre-la-montre individuel sur le Tour.",
    "period": [
      1927,
      1938
    ]
  },
  "bernard-hinault": {
    "id": "bernard-hinault",
    "first_name": "Bernard",
    "last_name": "Hinault",
    "country": "France",
    "years": {
      "1978": {
        "position": "1",
        "nb_wins": 3
      },
      "1979": {
        "position": "1",
        "nb_wins": 7
      },
      "1980": {
        "position": "Abandon",
        "nb_wins": 3
      },
      "1981": {
        "position": "1",
        "nb_wins": 5
      },
      "1982": {
        "position": "1",
        "nb_wins": 4
      },
      "1983": {
        "position": "Non partant",
        "nb_wins": 0
      },
      "1984": {
        "position": "2",
        "nb_wins": 1
      },
      "1985": {
        "position": "1",
        "nb_wins": 2
      },
      "1986": {
        "position": "2",
        "nb_wins": 3
      }
    },
    "wins": [
      1978,
      1979,
      1981,
      1982,
      1985
    ],
    "wins_age": [
      "23",
      "24",
      "26",
      "27",
      "30"
    ],
    "birthdate": "14/11/1954",
    "birthyear": 1954,
    "deathdate": null,
    "bio": "Le troisième coureur à accumuler cinq victoires finales sur le Tour.",
    "period": [
      1978,
      1986
    ]
  },
  "bernard-thevenet": {
    "id": "bernard-thevenet",
    "first_name": "Bernard",
    "last_name": "Thévenet",
    "country": "France",
    "years": {
      "1970": {
        "position": "35",
        "nb_wins": 1
      },
      "1971": {
        "position": "4",
        "nb_wins": 1
      },
      "1972": {
        "position": "9",
        "nb_wins": 2
      },
      "1973": {
        "position": "2",
        "nb_wins": 2
      },
      "1974": {
        "position": "Abandon",
        "nb_wins": 0
      },
      "1975": {
        "position": "1",
        "nb_wins": 2
      },
      "1976": {
        "position": "Abandon",
        "nb_wins": 0
      },
      "1977": {
        "position": "1",
        "nb_wins": 1
      },
      "1978": {
        "position": "Abandon",
        "nb_wins": 0
      },
      "1979": {
        "position": "Non partant",
        "nb_wins": 0
      },
      "1980": {
        "position": "17",
        "nb_wins": 0
      },
      "1981": {
        "position": "37",
        "nb_wins": 0
      }
    },
    "wins": [
      1975,
      1977
    ],
    "wins_age": [
      "27",
      "29"
    ],
    "birthdate": "10/01/1948",
    "birthyear": 1948,
    "deathdate": null,
    "bio": null,
    "period": [
      1970,
      1981
    ]
  },
  "bjarne-riis": {
    "id": "bjarne-riis",
    "first_name": "Bjarne",
    "last_name": "Riis",
    "country": "Danemark",
    "years": {
      "1989": {
        "position": "95",
        "nb_wins": 0
      },
      "1990": {
        "position": "Abandon",
        "nb_wins": 0
      },
      "1991": {
        "position": "107",
        "nb_wins": 0
      },
      "1992": {
        "position": "Non partant",
        "nb_wins": 0
      },
      "1993": {
        "position": "5",
        "nb_wins": 1
      },
      "1994": {
        "position": "14",
        "nb_wins": 1
      },
      "1995": {
        "position": "3",
        "nb_wins": 0
      },
      "1996": {
        "position": "1",
        "nb_wins": 2
      },
      "1997": {
        "position": "7",
        "nb_wins": 0
      },
      "1998": {
        "position": "11",
        "nb_wins": 0
      }
    },
    "wins": [
      1996
    ],
    "wins_age": [
      "32"
    ],
    "birthdate": "03/04/1964",
    "birthyear": 1964,
    "deathdate": null,
    "bio": "Le premier coureur danois à remporter le Tour.",
    "period": [
      1989,
      1998
    ]
  },
  "bradley-wiggins": {
    "id": "bradley-wiggins",
    "first_name": "Bradley",
    "last_name": "Wiggins",
    "country": "Royaume-Uni",
    "years": {
      "2006": {
        "position": "123",
        "nb_wins": 0
      },
      "2007": {
        "position": "Abandon",
        "nb_wins": 0
      },
      "2008": {
        "position": "Non partant",
        "nb_wins": 0
      },
      "2009": {
        "position": "3",
        "nb_wins": 0
      },
      "2010": {
        "position": "24",
        "nb_wins": 0
      },
      "2011": {
        "position": "Abandon",
        "nb_wins": 0
      },
      "2012": {
        "position": "1",
        "nb_wins": 2
      }
    },
    "wins": [
      2012
    ],
    "wins_age": [
      "32"
    ],
    "birthdate": "28/04/1980",
    "birthyear": 1980,
    "deathdate": null,
    "bio": "Le premier coureur britannique à remporter le Tour.",
    "period": [
      2006,
      2012
    ]
  },
  "cadel-evans": {
    "id": "cadel-evans",
    "first_name": "Cadel",
    "last_name": "Evans",
    "country": "Australie",
    "years": {
      "2005": {
        "position": "8",
        "nb_wins": 0
      },
      "2006": {
        "position": "4",
        "nb_wins": 0
      },
      "2007": {
        "position": "2",
        "nb_wins": 1
      },
      "2008": {
        "position": "2",
        "nb_wins": 0
      },
      "2009": {
        "position": "30",
        "nb_wins": 0
      },
      "2010": {
        "position": "26",
        "nb_wins": 0
      },
      "2011": {
        "position": "1",
        "nb_wins": 1
      },
      "2012": {
        "position": "7",
        "nb_wins": 0
      },
      "2013": {
        "position": "39",
        "nb_wins": 0
      }
    },
    "wins": [
      2011
    ],
    "wins_age": [
      "34"
    ],
    "birthdate": "14/02/1977",
    "birthyear": 1977,
    "deathdate": null,
    "bio": "Le premier coureur australien à remporter le Tour.",
    "period": [
      2005,
      2013
    ]
  },
  "carlos-sastre": {
    "id": "carlos-sastre",
    "first_name": "Carlos",
    "last_name": "Sastre",
    "country": "Espagne",
    "years": {
      "2001": {
        "position": "20",
        "nb_wins": 0
      },
      "2002": {
        "position": "10",
        "nb_wins": 0
      },
      "2003": {
        "position": "9",
        "nb_wins": 1
      },
      "2004": {
        "position": "8",
        "nb_wins": 0
      },
      "2005": {
        "position": "21",
        "nb_wins": 0
      },
      "2006": {
        "position": "3",
        "nb_wins": 1
      },
      "2007": {
        "position": "4",
        "nb_wins": 0
      },
      "2008": {
        "position": "1",
        "nb_wins": 1
      },
      "2009": {
        "position": "16",
        "nb_wins": 0
      },
      "2010": {
        "position": "19",
        "nb_wins": 0
      }
    },
    "wins": [
      2008
    ],
    "wins_age": [
      "33"
    ],
    "birthdate": "22/04/1975",
    "birthyear": 1975,
    "deathdate": null,
    "bio": null,
    "period": [
      2001,
      2010
    ]
  },
  "charly-gaul": {
    "id": "charly-gaul",
    "first_name": "Charly",
    "last_name": "Gaul",
    "country": "Luxembourg",
    "years": {
      "1953": {
        "position": "Abandon",
        "nb_wins": 0
      },
      "1954": {
        "position": "Abandon",
        "nb_wins": 0
      },
      "1955": {
        "position": "3",
        "nb_wins": 2
      },
      "1956": {
        "position": "13",
        "nb_wins": 2
      },
      "1957": {
        "position": "Abandon",
        "nb_wins": 0
      },
      "1958": {
        "position": "1",
        "nb_wins": 4
      },
      "1959": {
        "position": "12",
        "nb_wins": 1
      },
      "1960": {
        "position": "Non partant",
        "nb_wins": 0
      },
      "1961": {
        "position": "3",
        "nb_wins": 1
      },
      "1962": {
        "position": "9",
        "nb_wins": 0
      },
      "1963": {
        "position": "Abandon",
        "nb_wins": 0
      }
    },
    "wins": [
      1958
    ],
    "wins_age": [
      "25"
    ],
    "birthdate": "08/12/1932",
    "birthyear": 1932,
    "deathdate": "06/12/2005",
    "deathyear": 2005,
    "bio": null,
    "period": [
      1953,
      1963
    ]
  },
  "christopher-froome": {
    "id": "christopher-froome",
    "first_name": "Christopher",
    "last_name": "Froome",
    "country": "Royaume-Uni",
    "years": {
      "2008": {
        "position": "81",
        "nb_wins": 0
      },
      "2009": {
        "position": "Non partant",
        "nb_wins": 0
      },
      "2010": {
        "position": "Non partant",
        "nb_wins": 0
      },
      "2011": {
        "position": "Non partant",
        "nb_wins": 0
      },
      "2012": {
        "position": "2",
        "nb_wins": 1
      },
      "2013": {
        "position": "1",
        "nb_wins": 3
      }
    },
    "wins": [
      2013
    ],
    "wins_age": [
      "28"
    ],
    "birthdate": "20/05/1985",
    "birthyear": 1985,
    "deathdate": null,
    "bio": null,
    "period": [
      2008,
      2013
    ]
  },
  "eddy-merckx": {
    "id": "eddy-merckx",
    "first_name": "Eddy",
    "last_name": "Merckx",
    "country": "Belgique",
    "years": {
      "1969": {
        "position": "1",
        "nb_wins": 7
      },
      "1970": {
        "position": "1",
        "nb_wins": 8
      },
      "1971": {
        "position": "1",
        "nb_wins": 4
      },
      "1972": {
        "position": "1",
        "nb_wins": 7
      },
      "1973": {
        "position": "Non partant",
        "nb_wins": 0
      },
      "1974": {
        "position": "1",
        "nb_wins": 9
      },
      "1975": {
        "position": "2",
        "nb_wins": 2
      },
      "1976": {
        "position": "Non partant",
        "nb_wins": 0
      },
      "1977": {
        "position": "6",
        "nb_wins": 1
      }
    },
    "wins": [
      1969,
      1970,
      1971,
      1972,
      1974
    ],
    "wins_age": [
      "24",
      "25",
      "26",
      "27",
      "29"
    ],
    "birthdate": "17/06/1945",
    "birthyear": 1945,
    "deathdate": null,
    "bio": "Le meilleur cycliste du XXe siècle, selon l'Union Cycliste Internationale.",
    "period": [
      1969,
      1977
    ]
  },
  "fausto-coppi": {
    "id": "fausto-coppi",
    "first_name": "Fausto",
    "last_name": "Coppi",
    "country": "Italie",
    "years": {
      "1949": {
        "position": "1",
        "nb_wins": 3
      },
      "1950": {
        "position": "Non partant",
        "nb_wins": 0
      },
      "1951": {
        "position": "10",
        "nb_wins": 1
      },
      "1952": {
        "position": "1",
        "nb_wins": 5
      }
    },
    "wins": [
      1949,
      1952
    ],
    "wins_age": [
      "29",
      "32"
    ],
    "birthdate": "15/09/1919",
    "birthyear": 1919,
    "deathdate": "02/01/1960",
    "deathyear": 1960,
    "bio": "Le premier coureur à réaliser le doublé Tour d'Italie-Tour de France, en 1949.",
    "period": [
      1949,
      1952
    ]
  },
  "federico-bahamontes": {
    "id": "federico-bahamontes",
    "first_name": "Federico",
    "last_name": "Bahamontes",
    "country": "Espagne",
    "years": {
      "1954": {
        "position": "25",
        "nb_wins": 0
      },
      "1955": {
        "position": "Non partant",
        "nb_wins": 0
      },
      "1956": {
        "position": "4",
        "nb_wins": 0
      },
      "1957": {
        "position": "Abandon",
        "nb_wins": 0
      },
      "1958": {
        "position": "8",
        "nb_wins": 2
      },
      "1959": {
        "position": "1",
        "nb_wins": 1
      },
      "1960": {
        "position": "Abandon",
        "nb_wins": 0
      },
      "1961": {
        "position": "Non partant",
        "nb_wins": 0
      },
      "1962": {
        "position": "14",
        "nb_wins": 1
      },
      "1963": {
        "position": "2",
        "nb_wins": 1
      },
      "1964": {
        "position": "3",
        "nb_wins": 2
      },
      "1965": {
        "position": "Abandon",
        "nb_wins": 0
      }
    },
    "wins": [
      1959
    ],
    "wins_age": [
      "30"
    ],
    "birthdate": "09/07/1928",
    "birthyear": 1928,
    "deathdate": null,
    "bio": "Le premier coureur espagnol à remporter le Tour.",
    "period": [
      1954,
      1965
    ]
  },
  "felice-gimondi": {
    "id": "felice-gimondi",
    "first_name": "Felice",
    "last_name": "Gimondi",
    "country": "Italie",
    "years": {
      "1965": {
        "position": "1",
        "nb_wins": 3
      },
      "1966": {
        "position": "Non partant",
        "nb_wins": 0
      },
      "1967": {
        "position": "7",
        "nb_wins": 2
      },
      "1968": {
        "position": "Non partant",
        "nb_wins": 0
      },
      "1969": {
        "position": "4",
        "nb_wins": 1
      },
      "1970": {
        "position": "Non partant",
        "nb_wins": 0
      },
      "1971": {
        "position": "Non partant",
        "nb_wins": 0
      },
      "1972": {
        "position": "2",
        "nb_wins": 0
      },
      "1973": {
        "position": "Non partant",
        "nb_wins": 0
      },
      "1974": {
        "position": "Non partant",
        "nb_wins": 0
      },
      "1975": {
        "position": "6",
        "nb_wins": 1
      }
    },
    "wins": [
      1965
    ],
    "wins_age": [
      "22"
    ],
    "birthdate": "29/09/1942",
    "birthyear": 1942,
    "deathdate": null,
    "bio": null,
    "period": [
      1965,
      1975
    ]
  },
  "ferdi-kubler": {
    "id": "ferdi-kubler",
    "first_name": "Ferdi",
    "last_name": "Kübler",
    "country": "Suisse",
    "years": {
      "1947": {
        "position": "Abandon",
        "nb_wins": 2
      },
      "1948": {
        "position": "Non partant",
        "nb_wins": 0
      },
      "1949": {
        "position": "Abandon",
        "nb_wins": 1
      },
      "1950": {
        "position": "1",
        "nb_wins": 3
      },
      "1951": {
        "position": "Non partant",
        "nb_wins": 0
      },
      "1952": {
        "position": "Non partant",
        "nb_wins": 0
      },
      "1953": {
        "position": "Non partant",
        "nb_wins": 0
      },
      "1954": {
        "position": "2",
        "nb_wins": 2
      },
      "1955": {
        "position": "Abandon",
        "nb_wins": 0
      }
    },
    "wins": [
      1950
    ],
    "wins_age": [
      "31"
    ],
    "birthdate": "24/07/1919",
    "birthyear": 1919,
    "deathdate": null,
    "bio": "Le premier coureur suisse à remporter le Tour.",
    "period": [
      1947,
      1955
    ]
  },
  "firmin-lambot": {
    "id": "firmin-lambot",
    "first_name": "Firmin",
    "last_name": "Lambot",
    "country": "Belgique",
    "years": {
      "1911": {
        "position": "11",
        "nb_wins": 0
      },
      "1912": {
        "position": "18",
        "nb_wins": 0
      },
      "1913": {
        "position": "4",
        "nb_wins": 1
      },
      "1914": {
        "position": "8",
        "nb_wins": 1
      },
      "1919": {
        "position": "1",
        "nb_wins": 1
      },
      "1920": {
        "position": "3",
        "nb_wins": 2
      },
      "1921": {
        "position": "9",
        "nb_wins": 1
      },
      "1922": {
        "position": "1",
        "nb_wins": 0
      },
      "1923": {
        "position": "Abandon",
        "nb_wins": 0
      },
      "1924": {
        "position": "Abandon",
        "nb_wins": 0
      }
    },
    "wins": [
      1919,
      1922
    ],
    "wins_age": [
      "33",
      "36"
    ],
    "birthdate": "14/03/1886",
    "birthyear": 1886,
    "deathdate": "19/01/1964",
    "deathyear": 1964,
    "bio": "Le vainqueur du Tour le plus âgé (36 ans, en 1922).",
    "period": [
      1911,
      1924
    ]
  },
  "francois-faber": {
    "id": "francois-faber",
    "first_name": "François",
    "last_name": "Faber",
    "country": "Luxembourg",
    "years": {
      "1906": {
        "position": "Abandon",
        "nb_wins": 0
      },
      "1907": {
        "position": "7",
        "nb_wins": 0
      },
      "1908": {
        "position": "2",
        "nb_wins": 4
      },
      "1909": {
        "position": "1",
        "nb_wins": 6
      },
      "1910": {
        "position": "2",
        "nb_wins": 3
      },
      "1911": {
        "position": "Abandon",
        "nb_wins": 2
      },
      "1912": {
        "position": "14",
        "nb_wins": 0
      },
      "1913": {
        "position": "5",
        "nb_wins": 2
      },
      "1914": {
        "position": "9",
        "nb_wins": 2
      }
    },
    "wins": [
      1909
    ],
    "wins_age": [
      "22"
    ],
    "birthdate": "26/01/1887",
    "birthyear": 1887,
    "deathdate": "09/05/1915",
    "deathyear": 1915,
    "bio": "Le premier vainqueur non-français du Tour.",
    "period": [
      1906,
      1914
    ]
  },
  "gastone-nencini": {
    "id": "gastone-nencini",
    "first_name": "Gastone",
    "last_name": "Nencini",
    "country": "Italie",
    "years": {
      "1956": {
        "position": "22",
        "nb_wins": 1
      },
      "1957": {
        "position": "6",
        "nb_wins": 2
      },
      "1958": {
        "position": "5",
        "nb_wins": 1
      },
      "1959": {
        "position": "Non partant",
        "nb_wins": 0
      },
      "1960": {
        "position": "1",
        "nb_wins": 0
      },
      "1961": {
        "position": "Non partant",
        "nb_wins": 0
      },
      "1962": {
        "position": "Abandon",
        "nb_wins": 0
      }
    },
    "wins": [
      1960
    ],
    "wins_age": [
      "30"
    ],
    "birthdate": "01/03/1930",
    "birthyear": 1930,
    "deathdate": "01/02/1980",
    "deathyear": 1980,
    "bio": null,
    "period": [
      1956,
      1962
    ]
  },
  "georges-speicher": {
    "id": "georges-speicher",
    "first_name": "Georges",
    "last_name": "Speicher",
    "country": "France",
    "years": {
      "1932": {
        "position": "10",
        "nb_wins": 0
      },
      "1933": {
        "position": "1",
        "nb_wins": 3
      },
      "1934": {
        "position": "11",
        "nb_wins": 5
      },
      "1935": {
        "position": "6",
        "nb_wins": 1
      },
      "1936": {
        "position": "Abandon",
        "nb_wins": 0
      },
      "1937": {
        "position": "Abandon",
        "nb_wins": 0
      },
      "1938": {
        "position": "Elimination",
        "nb_wins": 0
      }
    },
    "wins": [
      1933
    ],
    "wins_age": [
      "26"
    ],
    "birthdate": "08/06/1907",
    "birthyear": 1907,
    "deathdate": "24/01/1978",
    "deathyear": 1978,
    "bio": null,
    "period": [
      1932,
      1938
    ]
  },
  "gino-bartali": {
    "id": "gino-bartali",
    "first_name": "Gino",
    "last_name": "Bartali",
    "country": "Italie",
    "years": {
      "1937": {
        "position": "Abandon",
        "nb_wins": 1
      },
      "1938": {
        "position": "1",
        "nb_wins": 2
      },
      "1939": {
        "position": "Non partant",
        "nb_wins": 0
      },
      "1947": {
        "position": "Non partant",
        "nb_wins": 0
      },
      "1948": {
        "position": "1",
        "nb_wins": 7
      },
      "1949": {
        "position": "2",
        "nb_wins": 1
      },
      "1950": {
        "position": "Abandon",
        "nb_wins": 1
      },
      "1951": {
        "position": "4",
        "nb_wins": 0
      },
      "1952": {
        "position": "4",
        "nb_wins": 0
      },
      "1953": {
        "position": "11",
        "nb_wins": 0
      }
    },
    "wins": [
      1938,
      1948
    ],
    "wins_age": [
      "24",
      "34"
    ],
    "birthdate": "18/07/1914",
    "birthyear": 1914,
    "deathdate": "05/05/2000",
    "deathyear": 2000,
    "bio": "Le seul coureur à avoir remporté deux Tours à 10 ans d'écart.",
    "period": [
      1937,
      1953
    ]
  },
  "greg-lemond": {
    "id": "greg-lemond",
    "first_name": "Greg",
    "last_name": "LeMond",
    "country": "États-Unis",
    "years": {
      "1984": {
        "position": "3",
        "nb_wins": 0
      },
      "1985": {
        "position": "2",
        "nb_wins": 1
      },
      "1986": {
        "position": "1",
        "nb_wins": 1
      },
      "1987": {
        "position": "Non partant",
        "nb_wins": 0
      },
      "1988": {
        "position": "Non partant",
        "nb_wins": 0
      },
      "1989": {
        "position": "1",
        "nb_wins": 3
      },
      "1990": {
        "position": "1",
        "nb_wins": 0
      },
      "1991": {
        "position": "7",
        "nb_wins": 0
      },
      "1992": {
        "position": "Abandon",
        "nb_wins": 0
      },
      "1993": {
        "position": "Non partant",
        "nb_wins": 0
      },
      "1994": {
        "position": "Abandon",
        "nb_wins": 0
      }
    },
    "wins": [
      1986,
      1989,
      1990
    ],
    "wins_age": [
      "24",
      "27",
      "28"
    ],
    "birthdate": "26/06/1961",
    "birthyear": 1961,
    "deathdate": null,
    "bio": "Le premier coureur américain à remporter le Tour.",
    "period": [
      1984,
      1994
    ]
  },
  "gustave-garrigou": {
    "id": "gustave-garrigou",
    "first_name": "Gustave",
    "last_name": "Garrigou",
    "country": "France",
    "years": {
      "1907": {
        "position": "2",
        "nb_wins": 2
      },
      "1908": {
        "position": "4",
        "nb_wins": 0
      },
      "1909": {
        "position": "2",
        "nb_wins": 1
      },
      "1910": {
        "position": "3",
        "nb_wins": 1
      },
      "1911": {
        "position": "1",
        "nb_wins": 2
      },
      "1912": {
        "position": "3",
        "nb_wins": 0
      },
      "1913": {
        "position": "2",
        "nb_wins": 1
      },
      "1914": {
        "position": "5",
        "nb_wins": 1
      }
    },
    "wins": [
      1911
    ],
    "wins_age": [
      "26"
    ],
    "birthdate": "24/09/1884",
    "birthyear": 1884,
    "deathdate": "28/01/1963",
    "deathyear": 1963,
    "bio": null,
    "period": [
      1907,
      1914
    ]
  },
  "henri-cornet": {
    "id": "henri-cornet",
    "first_name": "Henri",
    "last_name": "Cornet",
    "country": "France",
    "years": {
      "1904": {
        "position": "1",
        "nb_wins": 1
      },
      "1905": {
        "position": "Abandon",
        "nb_wins": 0
      },
      "1906": {
        "position": "Forfait",
        "nb_wins": 0
      },
      "1907": {
        "position": "Abandon",
        "nb_wins": 0
      },
      "1908": {
        "position": "8",
        "nb_wins": 0
      },
      "1909": {
        "position": "Abandon",
        "nb_wins": 0
      },
      "1910": {
        "position": "16",
        "nb_wins": 0
      },
      "1911": {
        "position": "12",
        "nb_wins": 0
      },
      "1912": {
        "position": "28",
        "nb_wins": 0
      }
    },
    "wins": [
      1904
    ],
    "wins_age": [
      "19"
    ],
    "birthdate": "04/08/1884",
    "birthyear": 1884,
    "deathdate": "18/03/1941",
    "deathyear": 1941,
    "bio": "Le plus jeune vainqueur de l'histoire du Tour de France, à 19 ans, 11 mois et 20 jours.",
    "period": [
      1904,
      1912
    ]
  },
  "henri-pelissier": {
    "id": "henri-pelissier",
    "first_name": "Henri",
    "last_name": "Pélissier",
    "country": "France",
    "years": {
      "1912": {
        "position": "Abandon",
        "nb_wins": 0
      },
      "1913": {
        "position": "Abandon",
        "nb_wins": 1
      },
      "1914": {
        "position": "2",
        "nb_wins": 3
      },
      "1919": {
        "position": "Abandon",
        "nb_wins": 1
      },
      "1920": {
        "position": "Abandon",
        "nb_wins": 2
      },
      "1921": {
        "position": "Non partant",
        "nb_wins": 0
      },
      "1922": {
        "position": "Non partant",
        "nb_wins": 0
      },
      "1923": {
        "position": "1",
        "nb_wins": 3
      },
      "1924": {
        "position": "Abandon",
        "nb_wins": 0
      },
      "1925": {
        "position": "Abandon",
        "nb_wins": 0
      }
    },
    "wins": [
      1923
    ],
    "wins_age": [
      "34"
    ],
    "birthdate": "22/01/1889",
    "birthyear": 1889,
    "deathdate": "01/05/1935",
    "deathyear": 1935,
    "bio": null,
    "period": [
      1912,
      1925
    ]
  },
  "hugo-koblet": {
    "id": "hugo-koblet",
    "first_name": "Hugo",
    "last_name": "Koblet",
    "country": "Suisse",
    "years": {
      "1951": {
        "position": "1",
        "nb_wins": 5
      },
      "1952": {
        "position": "Non partant",
        "nb_wins": 0
      },
      "1953": {
        "position": "Abandon",
        "nb_wins": 1
      },
      "1954": {
        "position": "Abandon",
        "nb_wins": 0
      }
    },
    "wins": [
      1951
    ],
    "wins_age": [
      "26"
    ],
    "birthdate": "21/03/1925",
    "birthyear": 1925,
    "deathdate": "06/11/1964",
    "deathyear": 1964,
    "bio": null,
    "period": [
      1951,
      1954
    ]
  },
  "jacques-anquetil": {
    "id": "jacques-anquetil",
    "first_name": "Jacques",
    "last_name": "Anquetil",
    "country": "France",
    "years": {
      "1957": {
        "position": "1",
        "nb_wins": 4
      },
      "1958": {
        "position": "Abandon",
        "nb_wins": 0
      },
      "1959": {
        "position": "3",
        "nb_wins": 0
      },
      "1960": {
        "position": "Non partant",
        "nb_wins": 0
      },
      "1961": {
        "position": "1",
        "nb_wins": 2
      },
      "1962": {
        "position": "1",
        "nb_wins": 2
      },
      "1963": {
        "position": "1",
        "nb_wins": 4
      },
      "1964": {
        "position": "1",
        "nb_wins": 4
      },
      "1965": {
        "position": "Non partant",
        "nb_wins": 0
      },
      "1966": {
        "position": "Abandon",
        "nb_wins": 0
      }
    },
    "wins": [
      1957,
      1961,
      1962,
      1963,
      1964
    ],
    "wins_age": [
      "23",
      "27",
      "28",
      "29",
      "30"
    ],
    "birthdate": "08/01/1934",
    "birthyear": 1934,
    "deathdate": "18/11/1987",
    "deathyear": 1987,
    "bio": "Le premier coureur à remporter cinq fois le Tour de France.",
    "period": [
      1957,
      1966
    ]
  },
  "jan-janssen": {
    "id": "jan-janssen",
    "first_name": "Jan",
    "last_name": "Janssen",
    "country": "Pays-Bas",
    "years": {
      "1963": {
        "position": "Abandon",
        "nb_wins": 2
      },
      "1964": {
        "position": "24",
        "nb_wins": 2
      },
      "1965": {
        "position": "9",
        "nb_wins": 1
      },
      "1966": {
        "position": "2",
        "nb_wins": 0
      },
      "1967": {
        "position": "5",
        "nb_wins": 1
      },
      "1968": {
        "position": "1",
        "nb_wins": 2
      },
      "1969": {
        "position": "10",
        "nb_wins": 0
      },
      "1970": {
        "position": "26",
        "nb_wins": 0
      }
    },
    "wins": [
      1968
    ],
    "wins_age": [
      "28"
    ],
    "birthdate": "19/05/1940",
    "birthyear": 1940,
    "deathdate": null,
    "bio": "Le premier coureur néerlandais à remporter le Tour.",
    "period": [
      1963,
      1970
    ]
  },
  "jan-ullrich": {
    "id": "jan-ullrich",
    "first_name": "Jan",
    "last_name": "Ullrich",
    "country": "Allemagne",
    "years": {
      "1996": {
        "position": "2",
        "nb_wins": 1
      },
      "1997": {
        "position": "1",
        "nb_wins": 2
      },
      "1998": {
        "position": "2",
        "nb_wins": 3
      },
      "1999": {
        "position": "Non partant",
        "nb_wins": 0
      },
      "2000": {
        "position": "2",
        "nb_wins": 0
      },
      "2001": {
        "position": "2",
        "nb_wins": 0
      },
      "2002": {
        "position": "Non partant",
        "nb_wins": 0
      },
      "2003": {
        "position": "2",
        "nb_wins": 1
      },
      "2004": {
        "position": "4",
        "nb_wins": 0
      },
      "2005": {
        "position": "Déclassé",
        "nb_wins": 0
      }
    },
    "wins": [
      1997
    ],
    "wins_age": [
      "23"
    ],
    "birthdate": "02/12/1973",
    "birthyear": 1973,
    "deathdate": null,
    "bio": "Le premier coureur allemand à remporter le Tour.",
    "period": [
      1996,
      2005
    ]
  },
  "jean-robic": {
    "id": "jean-robic",
    "first_name": "Jean",
    "last_name": "Robic",
    "country": "France",
    "years": {
      "1947": {
        "position": "1",
        "nb_wins": 3
      },
      "1948": {
        "position": "16",
        "nb_wins": 0
      },
      "1949": {
        "position": "4",
        "nb_wins": 1
      },
      "1950": {
        "position": "12",
        "nb_wins": 0
      },
      "1951": {
        "position": "27",
        "nb_wins": 0
      },
      "1952": {
        "position": "5",
        "nb_wins": 1
      },
      "1953": {
        "position": "Abandon",
        "nb_wins": 1
      },
      "1954": {
        "position": "Abandon",
        "nb_wins": 0
      },
      "1955": {
        "position": "Abandon",
        "nb_wins": 0
      },
      "1956": {
        "position": "Non partant",
        "nb_wins": 0
      },
      "1957": {
        "position": "Non partant",
        "nb_wins": 0
      },
      "1958": {
        "position": "Non partant",
        "nb_wins": 0
      },
      "1959": {
        "position": "Eliminé",
        "nb_wins": 0
      }
    },
    "wins": [
      1947
    ],
    "wins_age": [
      "26"
    ],
    "birthdate": "10/06/1921",
    "birthyear": 1921,
    "deathdate": "06/10/1980",
    "deathyear": 1980,
    "bio": "Le premier vainqueur du Tour de l'après-guerre.",
    "period": [
      1947,
      1959
    ]
  },
  "joop-zoetemelk": {
    "id": "joop-zoetemelk",
    "first_name": "Joop",
    "last_name": "Zoetemelk",
    "country": "Pays-Bas",
    "years": {
      "1970": {
        "position": "2",
        "nb_wins": 0
      },
      "1971": {
        "position": "2",
        "nb_wins": 0
      },
      "1972": {
        "position": "5",
        "nb_wins": 0
      },
      "1973": {
        "position": "4",
        "nb_wins": 2
      },
      "1974": {
        "position": "Non partant",
        "nb_wins": 0
      },
      "1975": {
        "position": "4",
        "nb_wins": 1
      },
      "1976": {
        "position": "2",
        "nb_wins": 3
      },
      "1977": {
        "position": "7",
        "nb_wins": 0
      },
      "1978": {
        "position": "2",
        "nb_wins": 1
      },
      "1979": {
        "position": "2",
        "nb_wins": 1
      },
      "1980": {
        "position": "1",
        "nb_wins": 4
      },
      "1981": {
        "position": "4",
        "nb_wins": 2
      },
      "1982": {
        "position": "2",
        "nb_wins": 0
      },
      "1983": {
        "position": "23",
        "nb_wins": 1
      },
      "1984": {
        "position": "30",
        "nb_wins": 0
      },
      "1985": {
        "position": "12",
        "nb_wins": 0
      },
      "1986": {
        "position": "24",
        "nb_wins": 0
      }
    },
    "wins": [
      1980
    ],
    "wins_age": [
      "33"
    ],
    "birthdate": "03/12/1946",
    "birthyear": 1946,
    "deathdate": null,
    "bio": "Le détenteur du record du nombre de deuxièmes places dans le Tour : six.",
    "period": [
      1970,
      1986
    ]
  },
  "laurent-fignon": {
    "id": "laurent-fignon",
    "first_name": "Laurent",
    "last_name": "Fignon",
    "country": "France",
    "years": {
      "1983": {
        "position": "1",
        "nb_wins": 1
      },
      "1984": {
        "position": "1",
        "nb_wins": 6
      },
      "1985": {
        "position": "Non partant",
        "nb_wins": 0
      },
      "1986": {
        "position": "Abandon",
        "nb_wins": 1
      },
      "1987": {
        "position": "7",
        "nb_wins": 1
      },
      "1988": {
        "position": "Abandon",
        "nb_wins": 0
      },
      "1989": {
        "position": "2",
        "nb_wins": 2
      },
      "1990": {
        "position": "Abandon",
        "nb_wins": 0
      },
      "1991": {
        "position": "6",
        "nb_wins": 0
      },
      "1992": {
        "position": "23",
        "nb_wins": 1
      },
      "1993": {
        "position": "Abandon",
        "nb_wins": 0
      }
    },
    "wins": [
      1983,
      1984
    ],
    "wins_age": [
      "22",
      "23"
    ],
    "birthdate": "12/08/1960",
    "birthyear": 1960,
    "deathdate": "31/08/2010",
    "deathyear": 2010,
    "bio": "Le dernier vainqueur français du Tour en date.",
    "period": [
      1983,
      1993
    ]
  },
  "leon-scieur": {
    "id": "leon-scieur",
    "first_name": "Léon",
    "last_name": "Scieur",
    "country": "Belgique",
    "years": {
      "1914": {
        "position": "14",
        "nb_wins": 0
      },
      "1919": {
        "position": "4",
        "nb_wins": 0
      },
      "1920": {
        "position": "4",
        "nb_wins": 1
      },
      "1921": {
        "position": "1",
        "nb_wins": 2
      },
      "1922": {
        "position": "Abandon",
        "nb_wins": 0
      },
      "1923": {
        "position": "Abandon",
        "nb_wins": 0
      },
      "1924": {
        "position": "Abandon",
        "nb_wins": 0
      }
    },
    "wins": [
      1921
    ],
    "wins_age": [
      "33"
    ],
    "birthdate": "19/03/1888",
    "birthyear": 1888,
    "deathdate": "07/10/1969",
    "deathyear": 1969,
    "bio": null,
    "period": [
      1914,
      1924
    ]
  },
  "louis-trousselier": {
    "id": "louis-trousselier",
    "first_name": "Louis",
    "last_name": "Trousselier",
    "country": "France",
    "years": {
      "1905": {
        "position": "1",
        "nb_wins": 5
      },
      "1906": {
        "position": "3",
        "nb_wins": 4
      },
      "1907": {
        "position": "Abandon",
        "nb_wins": 1
      },
      "1908": {
        "position": "Abandon",
        "nb_wins": 0
      },
      "1909": {
        "position": "8",
        "nb_wins": 1
      },
      "1910": {
        "position": "Abandon",
        "nb_wins": 1
      },
      "1911": {
        "position": "Abandon",
        "nb_wins": 0
      },
      "1912": {
        "position": "11",
        "nb_wins": 0
      },
      "1913": {
        "position": "38",
        "nb_wins": 0
      }
    },
    "wins": [
      1905
    ],
    "wins_age": [
      "24"
    ],
    "birthdate": "29/06/1881",
    "birthyear": 1881,
    "deathdate": "24/04/1939",
    "deathyear": 1939,
    "bio": "En 1905, il remporte à la fois le Tour de France et le Paris-Roubaix.",
    "period": [
      1905,
      1913
    ]
  },
  "louison-bobet": {
    "id": "louison-bobet",
    "first_name": "Louison",
    "last_name": "Bobet",
    "country": "France",
    "years": {
      "1947": {
        "position": "Abandon",
        "nb_wins": 0
      },
      "1948": {
        "position": "4",
        "nb_wins": 2
      },
      "1949": {
        "position": "Abandon",
        "nb_wins": 0
      },
      "1950": {
        "position": "3",
        "nb_wins": 1
      },
      "1951": {
        "position": "20",
        "nb_wins": 1
      },
      "1952": {
        "position": "Non partant",
        "nb_wins": 0
      },
      "1953": {
        "position": "1",
        "nb_wins": 2
      },
      "1954": {
        "position": "1",
        "nb_wins": 3
      },
      "1955": {
        "position": "1",
        "nb_wins": 2
      },
      "1956": {
        "position": "Non partant",
        "nb_wins": 0
      },
      "1957": {
        "position": "Non partant",
        "nb_wins": 0
      },
      "1958": {
        "position": "7",
        "nb_wins": 0
      },
      "1959": {
        "position": "Abandon",
        "nb_wins": 0
      }
    },
    "wins": [
      1953,
      1954,
      1955
    ],
    "wins_age": [
      "28",
      "29",
      "30"
    ],
    "birthdate": "12/03/1925",
    "birthyear": 1925,
    "deathdate": "13/03/1983",
    "deathyear": 1983,
    "bio": null,
    "period": [
      1947,
      1959
    ]
  },
  "lucien-aimar": {
    "id": "lucien-aimar",
    "first_name": "Lucien",
    "last_name": "Aimar",
    "country": "France",
    "years": {
      "1965": {
        "position": "Abandon",
        "nb_wins": 0
      },
      "1966": {
        "position": "1",
        "nb_wins": 0
      },
      "1967": {
        "position": "6",
        "nb_wins": 1
      },
      "1968": {
        "position": "7",
        "nb_wins": 0
      },
      "1969": {
        "position": "30",
        "nb_wins": 0
      },
      "1970": {
        "position": "17",
        "nb_wins": 0
      },
      "1971": {
        "position": "9",
        "nb_wins": 0
      },
      "1972": {
        "position": "17",
        "nb_wins": 0
      },
      "1973": {
        "position": "17",
        "nb_wins": 0
      }
    },
    "wins": [
      1966
    ],
    "wins_age": [
      "25"
    ],
    "birthdate": "28/04/1941",
    "birthyear": 1941,
    "deathdate": null,
    "bio": null,
    "period": [
      1965,
      1973
    ]
  },
  "lucien-buysse": {
    "id": "lucien-buysse",
    "first_name": "Lucien",
    "last_name": "Buysse",
    "country": "Belgique",
    "years": {
      "1914": {
        "position": "Abandon",
        "nb_wins": 0
      },
      "1919": {
        "position": "Abandon",
        "nb_wins": 0
      },
      "1920": {
        "position": "Non partant",
        "nb_wins": 0
      },
      "1921": {
        "position": "Non partant",
        "nb_wins": 0
      },
      "1922": {
        "position": "Non partant",
        "nb_wins": 0
      },
      "1923": {
        "position": "8",
        "nb_wins": 1
      },
      "1924": {
        "position": "3",
        "nb_wins": 0
      },
      "1925": {
        "position": "2",
        "nb_wins": 2
      },
      "1926": {
        "position": "1",
        "nb_wins": 2
      },
      "1927": {
        "position": "Non partant",
        "nb_wins": 0
      },
      "1928": {
        "position": "Non partant",
        "nb_wins": 0
      },
      "1929": {
        "position": "Abandon",
        "nb_wins": 0
      },
      "1930": {
        "position": "Abandon",
        "nb_wins": 0
      }
    },
    "wins": [
      1926
    ],
    "wins_age": [
      "33"
    ],
    "birthdate": "11/09/1892",
    "birthyear": 1892,
    "deathdate": "03/01/1980",
    "deathyear": 1980,
    "bio": null,
    "period": [
      1914,
      1930
    ]
  },
  "lucien-petit-breton": {
    "id": "lucien-petit-breton",
    "first_name": "Lucien",
    "last_name": "Petit-Breton",
    "country": "France",
    "years": {
      "1905": {
        "position": "5",
        "nb_wins": 0
      },
      "1906": {
        "position": "4",
        "nb_wins": 0
      },
      "1907": {
        "position": "1",
        "nb_wins": 2
      },
      "1908": {
        "position": "1",
        "nb_wins": 5
      },
      "1909": {
        "position": "Abandon",
        "nb_wins": 0
      },
      "1910": {
        "position": "Abandon",
        "nb_wins": 0
      },
      "1911": {
        "position": "Abandon",
        "nb_wins": 0
      },
      "1912": {
        "position": "Abandon",
        "nb_wins": 0
      },
      "1913": {
        "position": "Abandon",
        "nb_wins": 0
      },
      "1914": {
        "position": "Abandon",
        "nb_wins": 0
      }
    },
    "wins": [
      1907,
      1908
    ],
    "wins_age": [
      "24",
      "25"
    ],
    "birthdate": "18/10/1882",
    "birthyear": 1882,
    "deathdate": "20/12/1917",
    "deathyear": 1917,
    "bio": "Ce double vainqueur du Tour est mort pour la France en 1917.",
    "period": [
      1905,
      1914
    ]
  },
  "lucien-van-impe": {
    "id": "lucien-van-impe",
    "first_name": "Lucien",
    "last_name": "Van Impe",
    "country": "Belgique",
    "years": {
      "1969": {
        "position": "12",
        "nb_wins": 0
      },
      "1970": {
        "position": "6",
        "nb_wins": 0
      },
      "1971": {
        "position": "3",
        "nb_wins": 0
      },
      "1972": {
        "position": "4",
        "nb_wins": 1
      },
      "1973": {
        "position": "5",
        "nb_wins": 1
      },
      "1974": {
        "position": "18",
        "nb_wins": 0
      },
      "1975": {
        "position": "3",
        "nb_wins": 2
      },
      "1976": {
        "position": "1",
        "nb_wins": 1
      },
      "1977": {
        "position": "3",
        "nb_wins": 1
      },
      "1978": {
        "position": "9",
        "nb_wins": 0
      },
      "1979": {
        "position": "11",
        "nb_wins": 1
      },
      "1980": {
        "position": "16",
        "nb_wins": 0
      },
      "1981": {
        "position": "2",
        "nb_wins": 1
      },
      "1982": {
        "position": "Non partant",
        "nb_wins": 0
      },
      "1983": {
        "position": "4",
        "nb_wins": 1
      },
      "1984": {
        "position": "Non partant",
        "nb_wins": 0
      },
      "1985": {
        "position": "27",
        "nb_wins": 0
      }
    },
    "wins": [
      1976
    ],
    "wins_age": [
      "29"
    ],
    "birthdate": "20/10/1946",
    "birthyear": 1946,
    "deathdate": null,
    "bio": null,
    "period": [
      1969,
      1985
    ]
  },
  "luis-ocana": {
    "id": "luis-ocana",
    "first_name": "Luis",
    "last_name": "Ocaña",
    "country": "Espagne",
    "years": {
      "1969": {
        "position": "abandon",
        "nb_wins": 0
      },
      "1970": {
        "position": "31",
        "nb_wins": 1
      },
      "1971": {
        "position": "abandon",
        "nb_wins": 2
      },
      "1972": {
        "position": "abandon",
        "nb_wins": 0
      },
      "1973": {
        "position": "1",
        "nb_wins": 6
      },
      "1974": {
        "position": null,
        "nb_wins": 0
      },
      "1975": {
        "position": "abandon",
        "nb_wins": 0
      },
      "1976": {
        "position": "14",
        "nb_wins": 0
      },
      "1977": {
        "position": "25",
        "nb_wins": 0
      }
    },
    "wins": [
      1973
    ],
    "wins_age": [
      "28"
    ],
    "birthdate": "09/06/1945",
    "birthyear": 1945,
    "deathdate": "20/05/1994",
    "deathyear": 1994,
    "bio": null,
    "period": [
      1969,
      1977
    ]
  },
  "marco-pantani": {
    "id": "marco-pantani",
    "first_name": "Marco",
    "last_name": "Pantani",
    "country": "Italie",
    "years": {
      "1994": {
        "position": "3",
        "nb_wins": 0
      },
      "1995": {
        "position": "13",
        "nb_wins": 2
      },
      "1996": {
        "position": "Non partant",
        "nb_wins": 0
      },
      "1997": {
        "position": "3",
        "nb_wins": 2
      },
      "1998": {
        "position": "1",
        "nb_wins": 2
      },
      "1999": {
        "position": "Non partant",
        "nb_wins": 0
      },
      "2000": {
        "position": "Abandon",
        "nb_wins": 2
      }
    },
    "wins": [
      1998
    ],
    "wins_age": [
      "28"
    ],
    "birthdate": "13/01/1970",
    "birthyear": 1970,
    "deathdate": "14/02/2004",
    "deathyear": 2004,
    "bio": null,
    "period": [
      1994,
      2000
    ]
  },
  "maurice-de-waele": {
    "id": "maurice-de-waele",
    "first_name": "Maurice",
    "last_name": "De Waele",
    "country": "Belgique",
    "years": {
      "1927": {
        "position": "2",
        "nb_wins": 2
      },
      "1928": {
        "position": "3",
        "nb_wins": 2
      },
      "1929": {
        "position": "1",
        "nb_wins": 1
      },
      "1930": {
        "position": "Non partant",
        "nb_wins": 0
      },
      "1931": {
        "position": "5",
        "nb_wins": 0
      }
    },
    "wins": [
      1929
    ],
    "wins_age": [
      "32"
    ],
    "birthdate": "27/12/1896",
    "birthyear": 1896,
    "deathdate": "14/02/1952",
    "deathyear": 1952,
    "bio": null,
    "period": [
      1927,
      1931
    ]
  },
  "maurice-garin": {
    "id": "maurice-garin",
    "first_name": "Maurice",
    "last_name": "Garin",
    "country": "France",
    "years": {
      "1903": {
        "position": "1",
        "nb_wins": 3
      },
      "1904": {
        "position": "Disqualifié",
        "nb_wins": 0
      }
    },
    "wins": [
      1903
    ],
    "wins_age": [
      "32"
    ],
    "birthdate": "03/03/1871",
    "birthyear": 1871,
    "deathdate": "19/02/1957",
    "deathyear": 1957,
    "bio": "Le premier vainqueur de l'histoire du Tour de France.",
    "period": [
      1903,
      1904
    ]
  },
  "miguel-indurain": {
    "id": "miguel-indurain",
    "first_name": "Miguel",
    "last_name": "Indurain",
    "country": "Espagne",
    "years": {
      "1985": {
        "position": "Abandon",
        "nb_wins": 0
      },
      "1986": {
        "position": "Abandon",
        "nb_wins": 0
      },
      "1987": {
        "position": "97",
        "nb_wins": 0
      },
      "1988": {
        "position": "47",
        "nb_wins": 0
      },
      "1989": {
        "position": "17",
        "nb_wins": 1
      },
      "1990": {
        "position": "10",
        "nb_wins": 1
      },
      "1991": {
        "position": "1",
        "nb_wins": 2
      },
      "1992": {
        "position": "1",
        "nb_wins": 3
      },
      "1993": {
        "position": "1",
        "nb_wins": 2
      },
      "1994": {
        "position": "1",
        "nb_wins": 1
      },
      "1995": {
        "position": "1",
        "nb_wins": 2
      },
      "1996": {
        "position": "11",
        "nb_wins": 0
      }
    },
    "wins": [
      1991,
      1992,
      1993,
      1994,
      1995
    ],
    "wins_age": [
      "27",
      "28",
      "29",
      "30",
      "31"
    ],
    "birthdate": "16/07/1964",
    "birthyear": 1964,
    "deathdate": null,
    "bio": "Le premier coureur à reporter le Tour cinq fois consécutivement.",
    "period": [
      1985,
      1996
    ]
  },
  "nicolas-frantz": {
    "id": "nicolas-frantz",
    "first_name": "Nicolas",
    "last_name": "Frantz",
    "country": "Luxembourg",
    "years": {
      "1924": {
        "position": "2",
        "nb_wins": 2
      },
      "1925": {
        "position": "4",
        "nb_wins": 4
      },
      "1926": {
        "position": "2",
        "nb_wins": 5
      },
      "1927": {
        "position": "1",
        "nb_wins": 3
      },
      "1928": {
        "position": "1",
        "nb_wins": 5
      },
      "1929": {
        "position": "5",
        "nb_wins": 2
      },
      "1930": {
        "position": "Non partant",
        "nb_wins": 0
      },
      "1931": {
        "position": "Non partant",
        "nb_wins": 0
      },
      "1932": {
        "position": "45",
        "nb_wins": 0
      }
    },
    "wins": [
      1927,
      1928
    ],
    "wins_age": [
      "27",
      "28"
    ],
    "birthdate": "04/11/1899",
    "birthyear": 1899,
    "deathdate": "08/11/1985",
    "deathyear": 1985,
    "bio": "Le premier coureur à avoir porté le maillot jaune du début à la fin d'un Tour, en 1928.",
    "period": [
      1924,
      1932
    ]
  },
  "octave-lapize": {
    "id": "octave-lapize",
    "first_name": "Octave",
    "last_name": "Lapize",
    "country": "France",
    "years": {
      "1909": {
        "position": "Abandon",
        "nb_wins": 0
      },
      "1910": {
        "position": "1",
        "nb_wins": 4
      },
      "1911": {
        "position": "Abandon",
        "nb_wins": 0
      },
      "1912": {
        "position": "Abandon",
        "nb_wins": 1
      },
      "1913": {
        "position": "Abandon",
        "nb_wins": 0
      },
      "1914": {
        "position": "Abandon",
        "nb_wins": 1
      }
    },
    "wins": [
      1910
    ],
    "wins_age": [
      "22"
    ],
    "birthdate": "24/10/1887",
    "birthyear": 1887,
    "deathdate": "14 juillet 1917 à Toul",
    "bio": "Ce vainqueur du Tour est mort pour la France en 1917.",
    "period": [
      1909,
      1914
    ]
  },
  "odile-defraye": {
    "id": "odile-defraye",
    "first_name": "Odile",
    "last_name": "Defraye",
    "country": "Belgique",
    "years": {
      "1909": {
        "position": "Abandon",
        "nb_wins": 0
      },
      "1910": {
        "position": "Non partant",
        "nb_wins": 0
      },
      "1911": {
        "position": "Non partant",
        "nb_wins": 0
      },
      "1912": {
        "position": "1",
        "nb_wins": 3
      },
      "1913": {
        "position": "Abandon",
        "nb_wins": 0
      },
      "1914": {
        "position": "Abandon",
        "nb_wins": 0
      },
      "1919": {
        "position": "Abandon",
        "nb_wins": 0
      },
      "1920": {
        "position": "Abandon",
        "nb_wins": 0
      },
      "1921": {
        "position": "Non partant",
        "nb_wins": 0
      },
      "1922": {
        "position": "Non partant",
        "nb_wins": 0
      },
      "1923": {
        "position": "Non partant",
        "nb_wins": 0
      },
      "1924": {
        "position": "Abandon",
        "nb_wins": 0
      }
    },
    "wins": [
      1912
    ],
    "wins_age": [
      "24"
    ],
    "birthdate": "14/07/1888",
    "birthyear": 1888,
    "deathdate": "21/08/1965",
    "deathyear": 1965,
    "bio": "Le premier coureur belge à remporter le Tour.",
    "period": [
      1909,
      1924
    ]
  },
  "oscar-pereiro": {
    "id": "oscar-pereiro",
    "first_name": "Óscar",
    "last_name": "Pereiro",
    "country": "Espagne",
    "years": {
      "2004": {
        "position": "10",
        "nb_wins": 0
      },
      "2005": {
        "position": "10",
        "nb_wins": 1
      },
      "2006": {
        "position": "1",
        "nb_wins": 0
      },
      "2007": {
        "position": "10",
        "nb_wins": 0
      },
      "2008": {
        "position": "Abandon",
        "nb_wins": 0
      },
      "2009": {
        "position": "Abandon",
        "nb_wins": 0
      }
    },
    "wins": [
      2006
    ],
    "wins_age": [
      "28"
    ],
    "birthdate": "03/08/1977",
    "birthyear": 1977,
    "deathdate": null,
    "bio": "Le Tour qu'il remporte, en 2006, avait initialement été gagné par Floyd Landis, déclassé pour dopage.",
    "period": [
      2004,
      2009
    ]
  },
  "ottavio-bottecchia": {
    "id": "ottavio-bottecchia",
    "first_name": "Ottavio",
    "last_name": "Bottecchia",
    "country": "Italie",
    "years": {
      "1923": {
        "position": "2",
        "nb_wins": 1
      },
      "1924": {
        "position": "1",
        "nb_wins": 4
      },
      "1925": {
        "position": "1",
        "nb_wins": 4
      },
      "1926": {
        "position": "Abandon",
        "nb_wins": 0
      }
    },
    "wins": [
      1924,
      1925
    ],
    "wins_age": [
      "29",
      "30"
    ],
    "birthdate": "01/08/1894",
    "birthyear": 1894,
    "deathdate": "15/06/1927",
    "deathyear": 1927,
    "bio": "Le premier coureur italien à remporter le Tour.",
    "period": [
      1923,
      1926
    ]
  },
  "pedro-delgado": {
    "id": "pedro-delgado",
    "first_name": "Pedro",
    "last_name": "Delgado",
    "country": "Espagne",
    "years": {
      "1983": {
        "position": "15",
        "nb_wins": 0
      },
      "1984": {
        "position": "Abandon",
        "nb_wins": 0
      },
      "1985": {
        "position": "6",
        "nb_wins": 1
      },
      "1986": {
        "position": "Abandon",
        "nb_wins": 1
      },
      "1987": {
        "position": "2",
        "nb_wins": 1
      },
      "1988": {
        "position": "1",
        "nb_wins": 1
      },
      "1989": {
        "position": "3",
        "nb_wins": 0
      },
      "1990": {
        "position": "4",
        "nb_wins": 0
      },
      "1991": {
        "position": "9",
        "nb_wins": 0
      },
      "1992": {
        "position": "6",
        "nb_wins": 0
      },
      "1993": {
        "position": "9",
        "nb_wins": 0
      }
    },
    "wins": [
      1988
    ],
    "wins_age": [
      "28"
    ],
    "birthdate": "15/04/1960",
    "birthyear": 1960,
    "deathdate": null,
    "bio": null,
    "period": [
      1983,
      1993
    ]
  },
  "philippe-thys": {
    "id": "philippe-thys",
    "first_name": "Philippe",
    "last_name": "Thys",
    "country": "Belgique",
    "years": {
      "1912": {
        "position": "6",
        "nb_wins": 0
      },
      "1913": {
        "position": "1",
        "nb_wins": 1
      },
      "1914": {
        "position": "1",
        "nb_wins": 1
      },
      "1919": {
        "position": "Abandon",
        "nb_wins": 0
      },
      "1920": {
        "position": "1",
        "nb_wins": 4
      },
      "1921": {
        "position": "Abandon",
        "nb_wins": 0
      },
      "1922": {
        "position": "14",
        "nb_wins": 5
      },
      "1923": {
        "position": "Abandon",
        "nb_wins": 0
      },
      "1924": {
        "position": "11",
        "nb_wins": 2
      },
      "1925": {
        "position": "Abandon",
        "nb_wins": 0
      }
    },
    "wins": [
      1913,
      1914,
      1920
    ],
    "wins_age": [
      "23",
      "24",
      "30"
    ],
    "birthdate": "08/10/1889",
    "birthyear": 1889,
    "deathdate": "17/01/1971",
    "deathyear": 1971,
    "bio": "Le premier triple vainqueur du Tour.",
    "period": [
      1912,
      1925
    ]
  },
  "rene-pottier": {
    "id": "rene-pottier",
    "first_name": "René",
    "last_name": "Pottier",
    "country": "France",
    "years": {
      "1905": {
        "position": "Abandon",
        "nb_wins": 0
      },
      "1906": {
        "position": "1",
        "nb_wins": 5
      }
    },
    "wins": [
      1906
    ],
    "wins_age": [
      "27"
    ],
    "birthdate": "05/06/1879",
    "birthyear": 1879,
    "deathdate": "25/01/1907",
    "deathyear": 1907,
    "bio": null,
    "period": [
      1905,
      1906
    ]
  },
  "roger-lapebie": {
    "id": "roger-lapebie",
    "first_name": "Roger",
    "last_name": "Lapébie",
    "country": "France",
    "years": {
      "1932": {
        "position": "23",
        "nb_wins": 1
      },
      "1933": {
        "position": "29",
        "nb_wins": 0
      },
      "1934": {
        "position": "3",
        "nb_wins": 5
      },
      "1935": {
        "position": "Abandon",
        "nb_wins": 0
      },
      "1936": {
        "position": "Non partant",
        "nb_wins": 0
      },
      "1937": {
        "position": "1",
        "nb_wins": 3
      }
    },
    "wins": [
      1937
    ],
    "wins_age": [
      "26"
    ],
    "birthdate": "16/01/1911",
    "birthyear": 1911,
    "deathdate": "12/10/1996",
    "deathyear": 1996,
    "bio": null,
    "period": [
      1932,
      1937
    ]
  },
  "roger-pingeon": {
    "id": "roger-pingeon",
    "first_name": "Roger",
    "last_name": "Pingeon",
    "country": "France",
    "years": {
      "1965": {
        "position": "12",
        "nb_wins": 0
      },
      "1966": {
        "position": "8",
        "nb_wins": 0
      },
      "1967": {
        "position": "1",
        "nb_wins": 1
      },
      "1968": {
        "position": "5",
        "nb_wins": 2
      },
      "1969": {
        "position": "2",
        "nb_wins": 1
      },
      "1970": {
        "position": "Abandon",
        "nb_wins": 0
      },
      "1971": {
        "position": "Non partant",
        "nb_wins": 0
      },
      "1972": {
        "position": "Abandon",
        "nb_wins": 0
      },
      "1973": {
        "position": "Non partant",
        "nb_wins": 0
      },
      "1974": {
        "position": "11",
        "nb_wins": 0
      }
    },
    "wins": [
      1967
    ],
    "wins_age": [
      "26"
    ],
    "birthdate": "28/08/1940",
    "birthyear": 1940,
    "deathdate": null,
    "bio": null,
    "period": [
      1965,
      1974
    ]
  },
  "roger-walkowiak": {
    "id": "roger-walkowiak",
    "first_name": "Roger",
    "last_name": "Walkowiak",
    "country": "France",
    "years": {
      "1951": {
        "position": "57",
        "nb_wins": 0
      },
      "1952": {
        "position": "Non partant",
        "nb_wins": 0
      },
      "1953": {
        "position": "47",
        "nb_wins": 0
      },
      "1954": {
        "position": "Non partant",
        "nb_wins": 0
      },
      "1955": {
        "position": "Abandon",
        "nb_wins": 0
      },
      "1956": {
        "position": "1",
        "nb_wins": 0
      },
      "1957": {
        "position": "Abandon",
        "nb_wins": 0
      },
      "1958": {
        "position": "75",
        "nb_wins": 0
      }
    },
    "wins": [
      1956
    ],
    "wins_age": [
      "29"
    ],
    "birthdate": "02/03/1927",
    "birthyear": 1927,
    "deathdate": null,
    "bio": null,
    "period": [
      1951,
      1958
    ]
  },
  "romain-maes": {
    "id": "romain-maes",
    "first_name": "Romain",
    "last_name": "Maes",
    "country": "Belgique",
    "years": {
      "1934": {
        "position": "Abandon",
        "nb_wins": 0
      },
      "1935": {
        "position": "1",
        "nb_wins": 3
      },
      "1936": {
        "position": "Abandon",
        "nb_wins": 0
      },
      "1937": {
        "position": "Non partant",
        "nb_wins": 0
      },
      "1938": {
        "position": "Non partant",
        "nb_wins": 0
      },
      "1939": {
        "position": "Abandon",
        "nb_wins": 1
      }
    },
    "wins": [
      1935
    ],
    "wins_age": [
      "22"
    ],
    "birthdate": "10/08/1912",
    "birthyear": 1912,
    "deathdate": "22/02/1983",
    "deathyear": 1983,
    "bio": null,
    "period": [
      1934,
      1939
    ]
  },
  "stephen-roche": {
    "id": "stephen-roche",
    "first_name": "Stephen",
    "last_name": "Roche",
    "country": "Irlande",
    "years": {
      "1983": {
        "position": "13",
        "nb_wins": 0
      },
      "1984": {
        "position": "25",
        "nb_wins": 0
      },
      "1985": {
        "position": "3",
        "nb_wins": 1
      },
      "1986": {
        "position": "46",
        "nb_wins": 0
      },
      "1987": {
        "position": "1",
        "nb_wins": 1
      },
      "1988": {
        "position": "Non partant",
        "nb_wins": 0
      },
      "1989": {
        "position": "Abandon",
        "nb_wins": 0
      },
      "1990": {
        "position": "44",
        "nb_wins": 0
      },
      "1991": {
        "position": "Abandon",
        "nb_wins": 0
      },
      "1992": {
        "position": "9",
        "nb_wins": 1
      },
      "1993": {
        "position": "13",
        "nb_wins": 0
      }
    },
    "wins": [
      1987
    ],
    "wins_age": [
      "27"
    ],
    "birthdate": "28/11/1959",
    "birthyear": 1959,
    "deathdate": null,
    "bio": "Le premier coureur irlandais à remporter le Tour.",
    "period": [
      1983,
      1993
    ]
  },
  "sylvere-maes": {
    "id": "sylvere-maes",
    "first_name": "Sylvère",
    "last_name": "Maes",
    "country": "Belgique",
    "years": {
      "1934": {
        "position": "8",
        "nb_wins": 1
      },
      "1935": {
        "position": "4",
        "nb_wins": 1
      },
      "1936": {
        "position": "1",
        "nb_wins": 4
      },
      "1937": {
        "position": "Abandon",
        "nb_wins": 1
      },
      "1938": {
        "position": "14",
        "nb_wins": 0
      },
      "1939": {
        "position": "1",
        "nb_wins": 2
      }
    },
    "wins": [
      1936,
      1939
    ],
    "wins_age": [
      "26",
      "29"
    ],
    "birthdate": "22/08/1909",
    "birthyear": 1909,
    "deathdate": "05/12/1966",
    "deathyear": 1966,
    "bio": null,
    "period": [
      1934,
      1939
    ]
  }
}